/Users/hitesh/Documents/GitHub/CarND-Behavioral-Cloning-P3/owndata-recovery7/IMG/center_2018_07_09_21_21_18_291.jpg,/Users/hitesh/Documents/GitHub/CarND-Behavioral-Cloning-P3/owndata-recovery7/IMG/left_2018_07_09_21_21_18_291.jpg,/Users/hitesh/Documents/GitHub/CarND-Behavioral-Cloning-P3/owndata-recovery7/IMG/right_2018_07_09_21_21_18_291.jpg,-0.04974941,1,0,5.541712
/Users/hitesh/Documents/GitHub/CarND-Behavioral-Cloning-P3/owndata-recovery7/IMG/center_2018_07_09_21_21_18_364.jpg,/Users/hitesh/Documents/GitHub/CarND-Behavioral-Cloning-P3/owndata-recovery7/IMG/left_2018_07_09_21_21_18_364.jpg,/Users/hitesh/Documents/GitHub/CarND-Behavioral-Cloning-P3/owndata-recovery7/IMG/right_2018_07_09_21_21_18_364.jpg,-0.05052329,1,0,6.463257
/Users/hitesh/Documents/GitHub/CarND-Behavioral-Cloning-P3/owndata-recovery7/IMG/center_2018_07_09_21_21_18_436.jpg,/Users/hitesh/Documents/GitHub/CarND-Behavioral-Cloning-P3/owndata-recovery7/IMG/left_2018_07_09_21_21_18_436.jpg,/Users/hitesh/Documents/GitHub/CarND-Behavioral-Cloning-P3/owndata-recovery7/IMG/right_2018_07_09_21_21_18_436.jpg,-0.07407135,1,0,7.149295
/Users/hitesh/Documents/GitHub/CarND-Behavioral-Cloning-P3/owndata-recovery7/IMG/center_2018_07_09_21_21_18_503.jpg,/Users/hitesh/Documents/GitHub/CarND-Behavioral-Cloning-P3/owndata-recovery7/IMG/left_2018_07_09_21_21_18_503.jpg,/Users/hitesh/Documents/GitHub/CarND-Behavioral-Cloning-P3/owndata-recovery7/IMG/right_2018_07_09_21_21_18_503.jpg,-0.07407135,1,0,8.058232
/Users/hitesh/Documents/GitHub/CarND-Behavioral-Cloning-P3/owndata-recovery7/IMG/center_2018_07_09_21_21_18_580.jpg,/Users/hitesh/Documents/GitHub/CarND-Behavioral-Cloning-P3/owndata-recovery7/IMG/left_2018_07_09_21_21_18_580.jpg,/Users/hitesh/Documents/GitHub/CarND-Behavioral-Cloning-P3/owndata-recovery7/IMG/right_2018_07_09_21_21_18_580.jpg,-0.08641657,1,0,8.7352
/Users/hitesh/Documents/GitHub/CarND-Behavioral-Cloning-P3/owndata-recovery7/IMG/center_2018_07_09_21_21_18_654.jpg,/Users/hitesh/Documents/GitHub/CarND-Behavioral-Cloning-P3/owndata-recovery7/IMG/left_2018_07_09_21_21_18_654.jpg,/Users/hitesh/Documents/GitHub/CarND-Behavioral-Cloning-P3/owndata-recovery7/IMG/right_2018_07_09_21_21_18_654.jpg,-0.1047317,1,0,9.630807
/Users/hitesh/Documents/GitHub/CarND-Behavioral-Cloning-P3/owndata-recovery7/IMG/center_2018_07_09_21_21_18_726.jpg,/Users/hitesh/Documents/GitHub/CarND-Behavioral-Cloning-P3/owndata-recovery7/IMG/left_2018_07_09_21_21_18_726.jpg,/Users/hitesh/Documents/GitHub/CarND-Behavioral-Cloning-P3/owndata-recovery7/IMG/right_2018_07_09_21_21_18_726.jpg,-0.1047317,1,0,10.51972
/Users/hitesh/Documents/GitHub/CarND-Behavioral-Cloning-P3/owndata-recovery7/IMG/center_2018_07_09_21_21_18_798.jpg,/Users/hitesh/Documents/GitHub/CarND-Behavioral-Cloning-P3/owndata-recovery7/IMG/left_2018_07_09_21_21_18_798.jpg,/Users/hitesh/Documents/GitHub/CarND-Behavioral-Cloning-P3/owndata-recovery7/IMG/right_2018_07_09_21_21_18_798.jpg,-0.1538915,1,0,11.17999
/Users/hitesh/Documents/GitHub/CarND-Behavioral-Cloning-P3/owndata-recovery7/IMG/center_2018_07_09_21_21_18_869.jpg,/Users/hitesh/Documents/GitHub/CarND-Behavioral-Cloning-P3/owndata-recovery7/IMG/left_2018_07_09_21_21_18_869.jpg,/Users/hitesh/Documents/GitHub/CarND-Behavioral-Cloning-P3/owndata-recovery7/IMG/right_2018_07_09_21_21_18_869.jpg,-0.1838886,1,0,12.18225
/Users/hitesh/Documents/GitHub/CarND-Behavioral-Cloning-P3/owndata-recovery7/IMG/center_2018_07_09_21_21_18_941.jpg,/Users/hitesh/Documents/GitHub/CarND-Behavioral-Cloning-P3/owndata-recovery7/IMG/left_2018_07_09_21_21_18_941.jpg,/Users/hitesh/Documents/GitHub/CarND-Behavioral-Cloning-P3/owndata-recovery7/IMG/right_2018_07_09_21_21_18_941.jpg,-0.1838886,1,0,12.6831
/Users/hitesh/Documents/GitHub/CarND-Behavioral-Cloning-P3/owndata-recovery7/IMG/center_2018_07_09_21_21_19_008.jpg,/Users/hitesh/Documents/GitHub/CarND-Behavioral-Cloning-P3/owndata-recovery7/IMG/left_2018_07_09_21_21_19_008.jpg,/Users/hitesh/Documents/GitHub/CarND-Behavioral-Cloning-P3/owndata-recovery7/IMG/right_2018_07_09_21_21_19_008.jpg,-0.1989608,1,0,13.53719
/Users/hitesh/Documents/GitHub/CarND-Behavioral-Cloning-P3/owndata-recovery7/IMG/center_2018_07_09_21_21_19_084.jpg,/Users/hitesh/Documents/GitHub/CarND-Behavioral-Cloning-P3/owndata-recovery7/IMG/left_2018_07_09_21_21_19_084.jpg,/Users/hitesh/Documents/GitHub/CarND-Behavioral-Cloning-P3/owndata-recovery7/IMG/right_2018_07_09_21_21_19_084.jpg,-0.2318323,1,0,14.35368
/Users/hitesh/Documents/GitHub/CarND-Behavioral-Cloning-P3/owndata-recovery7/IMG/center_2018_07_09_21_21_19_157.jpg,/Users/hitesh/Documents/GitHub/CarND-Behavioral-Cloning-P3/owndata-recovery7/IMG/left_2018_07_09_21_21_19_157.jpg,/Users/hitesh/Documents/GitHub/CarND-Behavioral-Cloning-P3/owndata-recovery7/IMG/right_2018_07_09_21_21_19_157.jpg,-0.2318323,1,0,15.07466
/Users/hitesh/Documents/GitHub/CarND-Behavioral-Cloning-P3/owndata-recovery7/IMG/center_2018_07_09_21_21_19_227.jpg,/Users/hitesh/Documents/GitHub/CarND-Behavioral-Cloning-P3/owndata-recovery7/IMG/left_2018_07_09_21_21_19_227.jpg,/Users/hitesh/Documents/GitHub/CarND-Behavioral-Cloning-P3/owndata-recovery7/IMG/right_2018_07_09_21_21_19_227.jpg,-0.2385761,1,0,15.91973
/Users/hitesh/Documents/GitHub/CarND-Behavioral-Cloning-P3/owndata-recovery7/IMG/center_2018_07_09_21_21_19_298.jpg,/Users/hitesh/Documents/GitHub/CarND-Behavioral-Cloning-P3/owndata-recovery7/IMG/left_2018_07_09_21_21_19_298.jpg,/Users/hitesh/Documents/GitHub/CarND-Behavioral-Cloning-P3/owndata-recovery7/IMG/right_2018_07_09_21_21_19_298.jpg,-0.2385761,1,0,16.49348
/Users/hitesh/Documents/GitHub/CarND-Behavioral-Cloning-P3/owndata-recovery7/IMG/center_2018_07_09_21_21_19_370.jpg,/Users/hitesh/Documents/GitHub/CarND-Behavioral-Cloning-P3/owndata-recovery7/IMG/left_2018_07_09_21_21_19_370.jpg,/Users/hitesh/Documents/GitHub/CarND-Behavioral-Cloning-P3/owndata-recovery7/IMG/right_2018_07_09_21_21_19_370.jpg,-0.2385761,1,0,17.34255
/Users/hitesh/Documents/GitHub/CarND-Behavioral-Cloning-P3/owndata-recovery7/IMG/center_2018_07_09_21_21_19_441.jpg,/Users/hitesh/Documents/GitHub/CarND-Behavioral-Cloning-P3/owndata-recovery7/IMG/left_2018_07_09_21_21_19_441.jpg,/Users/hitesh/Documents/GitHub/CarND-Behavioral-Cloning-P3/owndata-recovery7/IMG/right_2018_07_09_21_21_19_441.jpg,-0.2385761,1,0,18.00053
/Users/hitesh/Documents/GitHub/CarND-Behavioral-Cloning-P3/owndata-recovery7/IMG/center_2018_07_09_21_21_19_514.jpg,/Users/hitesh/Documents/GitHub/CarND-Behavioral-Cloning-P3/owndata-recovery7/IMG/left_2018_07_09_21_21_19_514.jpg,/Users/hitesh/Documents/GitHub/CarND-Behavioral-Cloning-P3/owndata-recovery7/IMG/right_2018_07_09_21_21_19_514.jpg,-0.2393499,1,0,18.82289
/Users/hitesh/Documents/GitHub/CarND-Behavioral-Cloning-P3/owndata-recovery7/IMG/center_2018_07_09_21_21_19_588.jpg,/Users/hitesh/Documents/GitHub/CarND-Behavioral-Cloning-P3/owndata-recovery7/IMG/left_2018_07_09_21_21_19_588.jpg,/Users/hitesh/Documents/GitHub/CarND-Behavioral-Cloning-P3/owndata-recovery7/IMG/right_2018_07_09_21_21_19_588.jpg,-0.2393499,1,0,19.63795
/Users/hitesh/Documents/GitHub/CarND-Behavioral-Cloning-P3/owndata-recovery7/IMG/center_2018_07_09_21_21_19_659.jpg,/Users/hitesh/Documents/GitHub/CarND-Behavioral-Cloning-P3/owndata-recovery7/IMG/left_2018_07_09_21_21_19_659.jpg,/Users/hitesh/Documents/GitHub/CarND-Behavioral-Cloning-P3/owndata-recovery7/IMG/right_2018_07_09_21_21_19_659.jpg,-0.2393499,1,0,20.22573
/Users/hitesh/Documents/GitHub/CarND-Behavioral-Cloning-P3/owndata-recovery7/IMG/center_2018_07_09_21_21_19_734.jpg,/Users/hitesh/Documents/GitHub/CarND-Behavioral-Cloning-P3/owndata-recovery7/IMG/left_2018_07_09_21_21_19_734.jpg,/Users/hitesh/Documents/GitHub/CarND-Behavioral-Cloning-P3/owndata-recovery7/IMG/right_2018_07_09_21_21_19_734.jpg,-0.2393499,1,0,21.02963
/Users/hitesh/Documents/GitHub/CarND-Behavioral-Cloning-P3/owndata-recovery7/IMG/center_2018_07_09_21_21_19_806.jpg,/Users/hitesh/Documents/GitHub/CarND-Behavioral-Cloning-P3/owndata-recovery7/IMG/left_2018_07_09_21_21_19_806.jpg,/Users/hitesh/Documents/GitHub/CarND-Behavioral-Cloning-P3/owndata-recovery7/IMG/right_2018_07_09_21_21_19_806.jpg,-0.2393499,1,0,21.82631
/Users/hitesh/Documents/GitHub/CarND-Behavioral-Cloning-P3/owndata-recovery7/IMG/center_2018_07_09_21_21_19_883.jpg,/Users/hitesh/Documents/GitHub/CarND-Behavioral-Cloning-P3/owndata-recovery7/IMG/left_2018_07_09_21_21_19_883.jpg,/Users/hitesh/Documents/GitHub/CarND-Behavioral-Cloning-P3/owndata-recovery7/IMG/right_2018_07_09_21_21_19_883.jpg,-0.2949956,1,0,22.60557
/Users/hitesh/Documents/GitHub/CarND-Behavioral-Cloning-P3/owndata-recovery7/IMG/center_2018_07_09_21_21_19_955.jpg,/Users/hitesh/Documents/GitHub/CarND-Behavioral-Cloning-P3/owndata-recovery7/IMG/left_2018_07_09_21_21_19_955.jpg,/Users/hitesh/Documents/GitHub/CarND-Behavioral-Cloning-P3/owndata-recovery7/IMG/right_2018_07_09_21_21_19_955.jpg,-0.2949956,1,0,23.2005
/Users/hitesh/Documents/GitHub/CarND-Behavioral-Cloning-P3/owndata-recovery7/IMG/center_2018_07_09_21_21_20_029.jpg,/Users/hitesh/Documents/GitHub/CarND-Behavioral-Cloning-P3/owndata-recovery7/IMG/left_2018_07_09_21_21_20_029.jpg,/Users/hitesh/Documents/GitHub/CarND-Behavioral-Cloning-P3/owndata-recovery7/IMG/right_2018_07_09_21_21_20_029.jpg,-0.2949956,1,0,23.96944
/Users/hitesh/Documents/GitHub/CarND-Behavioral-Cloning-P3/owndata-recovery7/IMG/center_2018_07_09_21_21_20_096.jpg,/Users/hitesh/Documents/GitHub/CarND-Behavioral-Cloning-P3/owndata-recovery7/IMG/left_2018_07_09_21_21_20_096.jpg,/Users/hitesh/Documents/GitHub/CarND-Behavioral-Cloning-P3/owndata-recovery7/IMG/right_2018_07_09_21_21_20_096.jpg,-0.2949956,1,0,24.54182
/Users/hitesh/Documents/GitHub/CarND-Behavioral-Cloning-P3/owndata-recovery7/IMG/center_2018_07_09_21_21_20_173.jpg,/Users/hitesh/Documents/GitHub/CarND-Behavioral-Cloning-P3/owndata-recovery7/IMG/left_2018_07_09_21_21_20_173.jpg,/Users/hitesh/Documents/GitHub/CarND-Behavioral-Cloning-P3/owndata-recovery7/IMG/right_2018_07_09_21_21_20_173.jpg,-0.2949956,1,0,25.30587
/Users/hitesh/Documents/GitHub/CarND-Behavioral-Cloning-P3/owndata-recovery7/IMG/center_2018_07_09_21_21_20_254.jpg,/Users/hitesh/Documents/GitHub/CarND-Behavioral-Cloning-P3/owndata-recovery7/IMG/left_2018_07_09_21_21_20_254.jpg,/Users/hitesh/Documents/GitHub/CarND-Behavioral-Cloning-P3/owndata-recovery7/IMG/right_2018_07_09_21_21_20_254.jpg,-0.2941848,1,0,26.06259
/Users/hitesh/Documents/GitHub/CarND-Behavioral-Cloning-P3/owndata-recovery7/IMG/center_2018_07_09_21_21_20_324.jpg,/Users/hitesh/Documents/GitHub/CarND-Behavioral-Cloning-P3/owndata-recovery7/IMG/left_2018_07_09_21_21_20_324.jpg,/Users/hitesh/Documents/GitHub/CarND-Behavioral-Cloning-P3/owndata-recovery7/IMG/right_2018_07_09_21_21_20_324.jpg,0,1,0,26.81265
/Users/hitesh/Documents/GitHub/CarND-Behavioral-Cloning-P3/owndata-recovery7/IMG/center_2018_07_09_21_21_20_392.jpg,/Users/hitesh/Documents/GitHub/CarND-Behavioral-Cloning-P3/owndata-recovery7/IMG/left_2018_07_09_21_21_20_392.jpg,/Users/hitesh/Documents/GitHub/CarND-Behavioral-Cloning-P3/owndata-recovery7/IMG/right_2018_07_09_21_21_20_392.jpg,0,1,0,27.36125
/Users/hitesh/Documents/GitHub/CarND-Behavioral-Cloning-P3/owndata-recovery7/IMG/center_2018_07_09_21_21_20_530.jpg,/Users/hitesh/Documents/GitHub/CarND-Behavioral-Cloning-P3/owndata-recovery7/IMG/left_2018_07_09_21_21_20_530.jpg,/Users/hitesh/Documents/GitHub/CarND-Behavioral-Cloning-P3/owndata-recovery7/IMG/right_2018_07_09_21_21_20_530.jpg,0,1,0,28.09262
/Users/hitesh/Documents/GitHub/CarND-Behavioral-Cloning-P3/owndata-recovery7/IMG/center_2018_07_09_21_21_34_563.jpg,/Users/hitesh/Documents/GitHub/CarND-Behavioral-Cloning-P3/owndata-recovery7/IMG/left_2018_07_09_21_21_34_563.jpg,/Users/hitesh/Documents/GitHub/CarND-Behavioral-Cloning-P3/owndata-recovery7/IMG/right_2018_07_09_21_21_34_563.jpg,0,1,0,8.710802
/Users/hitesh/Documents/GitHub/CarND-Behavioral-Cloning-P3/owndata-recovery7/IMG/center_2018_07_09_21_21_34_632.jpg,/Users/hitesh/Documents/GitHub/CarND-Behavioral-Cloning-P3/owndata-recovery7/IMG/left_2018_07_09_21_21_34_632.jpg,/Users/hitesh/Documents/GitHub/CarND-Behavioral-Cloning-P3/owndata-recovery7/IMG/right_2018_07_09_21_21_34_632.jpg,0,1,0,9.385488
/Users/hitesh/Documents/GitHub/CarND-Behavioral-Cloning-P3/owndata-recovery7/IMG/center_2018_07_09_21_21_34_710.jpg,/Users/hitesh/Documents/GitHub/CarND-Behavioral-Cloning-P3/owndata-recovery7/IMG/left_2018_07_09_21_21_34_710.jpg,/Users/hitesh/Documents/GitHub/CarND-Behavioral-Cloning-P3/owndata-recovery7/IMG/right_2018_07_09_21_21_34_710.jpg,-0.001768868,1,0,10.27888
/Users/hitesh/Documents/GitHub/CarND-Behavioral-Cloning-P3/owndata-recovery7/IMG/center_2018_07_09_21_21_34_789.jpg,/Users/hitesh/Documents/GitHub/CarND-Behavioral-Cloning-P3/owndata-recovery7/IMG/left_2018_07_09_21_21_34_789.jpg,/Users/hitesh/Documents/GitHub/CarND-Behavioral-Cloning-P3/owndata-recovery7/IMG/right_2018_07_09_21_21_34_789.jpg,-0.05560879,1,0,11.16502
/Users/hitesh/Documents/GitHub/CarND-Behavioral-Cloning-P3/owndata-recovery7/IMG/center_2018_07_09_21_21_34_865.jpg,/Users/hitesh/Documents/GitHub/CarND-Behavioral-Cloning-P3/owndata-recovery7/IMG/left_2018_07_09_21_21_34_865.jpg,/Users/hitesh/Documents/GitHub/CarND-Behavioral-Cloning-P3/owndata-recovery7/IMG/right_2018_07_09_21_21_34_865.jpg,-0.1067585,1,0,12.17263
/Users/hitesh/Documents/GitHub/CarND-Behavioral-Cloning-P3/owndata-recovery7/IMG/center_2018_07_09_21_21_34_938.jpg,/Users/hitesh/Documents/GitHub/CarND-Behavioral-Cloning-P3/owndata-recovery7/IMG/left_2018_07_09_21_21_34_938.jpg,/Users/hitesh/Documents/GitHub/CarND-Behavioral-Cloning-P3/owndata-recovery7/IMG/right_2018_07_09_21_21_34_938.jpg,-0.2015035,1,0,12.66584
/Users/hitesh/Documents/GitHub/CarND-Behavioral-Cloning-P3/owndata-recovery7/IMG/center_2018_07_09_21_21_35_016.jpg,/Users/hitesh/Documents/GitHub/CarND-Behavioral-Cloning-P3/owndata-recovery7/IMG/left_2018_07_09_21_21_35_016.jpg,/Users/hitesh/Documents/GitHub/CarND-Behavioral-Cloning-P3/owndata-recovery7/IMG/right_2018_07_09_21_21_35_016.jpg,-0.318212,1,0,13.55528
/Users/hitesh/Documents/GitHub/CarND-Behavioral-Cloning-P3/owndata-recovery7/IMG/center_2018_07_09_21_21_35_107.jpg,/Users/hitesh/Documents/GitHub/CarND-Behavioral-Cloning-P3/owndata-recovery7/IMG/left_2018_07_09_21_21_35_107.jpg,/Users/hitesh/Documents/GitHub/CarND-Behavioral-Cloning-P3/owndata-recovery7/IMG/right_2018_07_09_21_21_35_107.jpg,-0.3243662,1,0,14.55729
/Users/hitesh/Documents/GitHub/CarND-Behavioral-Cloning-P3/owndata-recovery7/IMG/center_2018_07_09_21_21_35_176.jpg,/Users/hitesh/Documents/GitHub/CarND-Behavioral-Cloning-P3/owndata-recovery7/IMG/left_2018_07_09_21_21_35_176.jpg,/Users/hitesh/Documents/GitHub/CarND-Behavioral-Cloning-P3/owndata-recovery7/IMG/right_2018_07_09_21_21_35_176.jpg,-0.3243662,1,0,15.2429
/Users/hitesh/Documents/GitHub/CarND-Behavioral-Cloning-P3/owndata-recovery7/IMG/center_2018_07_09_21_21_35_243.jpg,/Users/hitesh/Documents/GitHub/CarND-Behavioral-Cloning-P3/owndata-recovery7/IMG/left_2018_07_09_21_21_35_243.jpg,/Users/hitesh/Documents/GitHub/CarND-Behavioral-Cloning-P3/owndata-recovery7/IMG/right_2018_07_09_21_21_35_243.jpg,-0.3243662,1,0,16.11645
/Users/hitesh/Documents/GitHub/CarND-Behavioral-Cloning-P3/owndata-recovery7/IMG/center_2018_07_09_21_21_35_315.jpg,/Users/hitesh/Documents/GitHub/CarND-Behavioral-Cloning-P3/owndata-recovery7/IMG/left_2018_07_09_21_21_35_315.jpg,/Users/hitesh/Documents/GitHub/CarND-Behavioral-Cloning-P3/owndata-recovery7/IMG/right_2018_07_09_21_21_35_315.jpg,-0.3235554,1,0,16.61257
/Users/hitesh/Documents/GitHub/CarND-Behavioral-Cloning-P3/owndata-recovery7/IMG/center_2018_07_09_21_21_35_395.jpg,/Users/hitesh/Documents/GitHub/CarND-Behavioral-Cloning-P3/owndata-recovery7/IMG/left_2018_07_09_21_21_35_395.jpg,/Users/hitesh/Documents/GitHub/CarND-Behavioral-Cloning-P3/owndata-recovery7/IMG/right_2018_07_09_21_21_35_395.jpg,-0.3235554,1,0,17.44085
/Users/hitesh/Documents/GitHub/CarND-Behavioral-Cloning-P3/owndata-recovery7/IMG/center_2018_07_09_21_21_35_464.jpg,/Users/hitesh/Documents/GitHub/CarND-Behavioral-Cloning-P3/owndata-recovery7/IMG/left_2018_07_09_21_21_35_464.jpg,/Users/hitesh/Documents/GitHub/CarND-Behavioral-Cloning-P3/owndata-recovery7/IMG/right_2018_07_09_21_21_35_464.jpg,-0.3227447,1,0,18.27208
/Users/hitesh/Documents/GitHub/CarND-Behavioral-Cloning-P3/owndata-recovery7/IMG/center_2018_07_09_21_21_35_534.jpg,/Users/hitesh/Documents/GitHub/CarND-Behavioral-Cloning-P3/owndata-recovery7/IMG/left_2018_07_09_21_21_35_534.jpg,/Users/hitesh/Documents/GitHub/CarND-Behavioral-Cloning-P3/owndata-recovery7/IMG/right_2018_07_09_21_21_35_534.jpg,-0.3227447,1,0,19.02799
/Users/hitesh/Documents/GitHub/CarND-Behavioral-Cloning-P3/owndata-recovery7/IMG/center_2018_07_09_21_21_35_606.jpg,/Users/hitesh/Documents/GitHub/CarND-Behavioral-Cloning-P3/owndata-recovery7/IMG/left_2018_07_09_21_21_35_606.jpg,/Users/hitesh/Documents/GitHub/CarND-Behavioral-Cloning-P3/owndata-recovery7/IMG/right_2018_07_09_21_21_35_606.jpg,-0.3227447,1,0,19.83192
/Users/hitesh/Documents/GitHub/CarND-Behavioral-Cloning-P3/owndata-recovery7/IMG/center_2018_07_09_21_21_35_675.jpg,/Users/hitesh/Documents/GitHub/CarND-Behavioral-Cloning-P3/owndata-recovery7/IMG/left_2018_07_09_21_21_35_675.jpg,/Users/hitesh/Documents/GitHub/CarND-Behavioral-Cloning-P3/owndata-recovery7/IMG/right_2018_07_09_21_21_35_675.jpg,-0.3227447,1,0,20.3294
/Users/hitesh/Documents/GitHub/CarND-Behavioral-Cloning-P3/owndata-recovery7/IMG/center_2018_07_09_21_21_35_746.jpg,/Users/hitesh/Documents/GitHub/CarND-Behavioral-Cloning-P3/owndata-recovery7/IMG/left_2018_07_09_21_21_35_746.jpg,/Users/hitesh/Documents/GitHub/CarND-Behavioral-Cloning-P3/owndata-recovery7/IMG/right_2018_07_09_21_21_35_746.jpg,-0.3227447,1,0,21.14071
/Users/hitesh/Documents/GitHub/CarND-Behavioral-Cloning-P3/owndata-recovery7/IMG/center_2018_07_09_21_21_35_825.jpg,/Users/hitesh/Documents/GitHub/CarND-Behavioral-Cloning-P3/owndata-recovery7/IMG/left_2018_07_09_21_21_35_825.jpg,/Users/hitesh/Documents/GitHub/CarND-Behavioral-Cloning-P3/owndata-recovery7/IMG/right_2018_07_09_21_21_35_825.jpg,-0.3227447,1,0,21.94628
/Users/hitesh/Documents/GitHub/CarND-Behavioral-Cloning-P3/owndata-recovery7/IMG/center_2018_07_09_21_21_35_908.jpg,/Users/hitesh/Documents/GitHub/CarND-Behavioral-Cloning-P3/owndata-recovery7/IMG/left_2018_07_09_21_21_35_908.jpg,/Users/hitesh/Documents/GitHub/CarND-Behavioral-Cloning-P3/owndata-recovery7/IMG/right_2018_07_09_21_21_35_908.jpg,-0.3227447,1,0,22.74067
/Users/hitesh/Documents/GitHub/CarND-Behavioral-Cloning-P3/owndata-recovery7/IMG/center_2018_07_09_21_21_35_990.jpg,/Users/hitesh/Documents/GitHub/CarND-Behavioral-Cloning-P3/owndata-recovery7/IMG/left_2018_07_09_21_21_35_990.jpg,/Users/hitesh/Documents/GitHub/CarND-Behavioral-Cloning-P3/owndata-recovery7/IMG/right_2018_07_09_21_21_35_990.jpg,0,1,0,23.51303
/Users/hitesh/Documents/GitHub/CarND-Behavioral-Cloning-P3/owndata-recovery7/IMG/center_2018_07_09_21_21_36_070.jpg,/Users/hitesh/Documents/GitHub/CarND-Behavioral-Cloning-P3/owndata-recovery7/IMG/left_2018_07_09_21_21_36_070.jpg,/Users/hitesh/Documents/GitHub/CarND-Behavioral-Cloning-P3/owndata-recovery7/IMG/right_2018_07_09_21_21_36_070.jpg,0,1,0,24.2867
/Users/hitesh/Documents/GitHub/CarND-Behavioral-Cloning-P3/owndata-recovery7/IMG/center_2018_07_09_21_21_36_142.jpg,/Users/hitesh/Documents/GitHub/CarND-Behavioral-Cloning-P3/owndata-recovery7/IMG/left_2018_07_09_21_21_36_142.jpg,/Users/hitesh/Documents/GitHub/CarND-Behavioral-Cloning-P3/owndata-recovery7/IMG/right_2018_07_09_21_21_36_142.jpg,0,1,0,25.05905
/Users/hitesh/Documents/GitHub/CarND-Behavioral-Cloning-P3/owndata-recovery7/IMG/center_2018_07_09_21_21_36_221.jpg,/Users/hitesh/Documents/GitHub/CarND-Behavioral-Cloning-P3/owndata-recovery7/IMG/left_2018_07_09_21_21_36_221.jpg,/Users/hitesh/Documents/GitHub/CarND-Behavioral-Cloning-P3/owndata-recovery7/IMG/right_2018_07_09_21_21_36_221.jpg,0,1,0,25.63453
/Users/hitesh/Documents/GitHub/CarND-Behavioral-Cloning-P3/owndata-recovery7/IMG/center_2018_07_09_21_21_36_307.jpg,/Users/hitesh/Documents/GitHub/CarND-Behavioral-Cloning-P3/owndata-recovery7/IMG/left_2018_07_09_21_21_36_307.jpg,/Users/hitesh/Documents/GitHub/CarND-Behavioral-Cloning-P3/owndata-recovery7/IMG/right_2018_07_09_21_21_36_307.jpg,-0.006117335,1,0,26.58615
/Users/hitesh/Documents/GitHub/CarND-Behavioral-Cloning-P3/owndata-recovery7/IMG/center_2018_07_09_21_21_36_385.jpg,/Users/hitesh/Documents/GitHub/CarND-Behavioral-Cloning-P3/owndata-recovery7/IMG/left_2018_07_09_21_21_36_385.jpg,/Users/hitesh/Documents/GitHub/CarND-Behavioral-Cloning-P3/owndata-recovery7/IMG/right_2018_07_09_21_21_36_385.jpg,-0.05266067,1,0,27.33923
/Users/hitesh/Documents/GitHub/CarND-Behavioral-Cloning-P3/owndata-recovery7/IMG/center_2018_07_09_21_21_36_454.jpg,/Users/hitesh/Documents/GitHub/CarND-Behavioral-Cloning-P3/owndata-recovery7/IMG/left_2018_07_09_21_21_36_454.jpg,/Users/hitesh/Documents/GitHub/CarND-Behavioral-Cloning-P3/owndata-recovery7/IMG/right_2018_07_09_21_21_36_454.jpg,-0.06198408,1,0,27.90028
/Users/hitesh/Documents/GitHub/CarND-Behavioral-Cloning-P3/owndata-recovery7/IMG/center_2018_07_09_21_21_36_521.jpg,/Users/hitesh/Documents/GitHub/CarND-Behavioral-Cloning-P3/owndata-recovery7/IMG/left_2018_07_09_21_21_36_521.jpg,/Users/hitesh/Documents/GitHub/CarND-Behavioral-Cloning-P3/owndata-recovery7/IMG/right_2018_07_09_21_21_36_521.jpg,-0.06198408,1,0,28.45712
/Users/hitesh/Documents/GitHub/CarND-Behavioral-Cloning-P3/owndata-recovery7/IMG/center_2018_07_09_21_21_36_605.jpg,/Users/hitesh/Documents/GitHub/CarND-Behavioral-Cloning-P3/owndata-recovery7/IMG/left_2018_07_09_21_21_36_605.jpg,/Users/hitesh/Documents/GitHub/CarND-Behavioral-Cloning-P3/owndata-recovery7/IMG/right_2018_07_09_21_21_36_605.jpg,-0.1007149,1,0,29.37374
/Users/hitesh/Documents/GitHub/CarND-Behavioral-Cloning-P3/owndata-recovery7/IMG/center_2018_07_09_21_21_36_679.jpg,/Users/hitesh/Documents/GitHub/CarND-Behavioral-Cloning-P3/owndata-recovery7/IMG/left_2018_07_09_21_21_36_679.jpg,/Users/hitesh/Documents/GitHub/CarND-Behavioral-Cloning-P3/owndata-recovery7/IMG/right_2018_07_09_21_21_36_679.jpg,-0.1163399,1,0,29.91974
/Users/hitesh/Documents/GitHub/CarND-Behavioral-Cloning-P3/owndata-recovery7/IMG/center_2018_07_09_21_21_36_756.jpg,/Users/hitesh/Documents/GitHub/CarND-Behavioral-Cloning-P3/owndata-recovery7/IMG/left_2018_07_09_21_21_36_756.jpg,/Users/hitesh/Documents/GitHub/CarND-Behavioral-Cloning-P3/owndata-recovery7/IMG/right_2018_07_09_21_21_36_756.jpg,-0.1290905,1,0,30.18952
/Users/hitesh/Documents/GitHub/CarND-Behavioral-Cloning-P3/owndata-recovery7/IMG/center_2018_07_09_21_21_36_828.jpg,/Users/hitesh/Documents/GitHub/CarND-Behavioral-Cloning-P3/owndata-recovery7/IMG/left_2018_07_09_21_21_36_828.jpg,/Users/hitesh/Documents/GitHub/CarND-Behavioral-Cloning-P3/owndata-recovery7/IMG/right_2018_07_09_21_21_36_828.jpg,-0.1941701,1,0,30.18584
/Users/hitesh/Documents/GitHub/CarND-Behavioral-Cloning-P3/owndata-recovery7/IMG/center_2018_07_09_21_21_36_899.jpg,/Users/hitesh/Documents/GitHub/CarND-Behavioral-Cloning-P3/owndata-recovery7/IMG/left_2018_07_09_21_21_36_899.jpg,/Users/hitesh/Documents/GitHub/CarND-Behavioral-Cloning-P3/owndata-recovery7/IMG/right_2018_07_09_21_21_36_899.jpg,-0.1941701,1,0,30.18735
/Users/hitesh/Documents/GitHub/CarND-Behavioral-Cloning-P3/owndata-recovery7/IMG/center_2018_07_09_21_21_36_972.jpg,/Users/hitesh/Documents/GitHub/CarND-Behavioral-Cloning-P3/owndata-recovery7/IMG/left_2018_07_09_21_21_36_972.jpg,/Users/hitesh/Documents/GitHub/CarND-Behavioral-Cloning-P3/owndata-recovery7/IMG/right_2018_07_09_21_21_36_972.jpg,-0.1941701,1,0,30.18843
/Users/hitesh/Documents/GitHub/CarND-Behavioral-Cloning-P3/owndata-recovery7/IMG/center_2018_07_09_21_21_37_040.jpg,/Users/hitesh/Documents/GitHub/CarND-Behavioral-Cloning-P3/owndata-recovery7/IMG/left_2018_07_09_21_21_37_040.jpg,/Users/hitesh/Documents/GitHub/CarND-Behavioral-Cloning-P3/owndata-recovery7/IMG/right_2018_07_09_21_21_37_040.jpg,-0.1941701,1,0,30.18877
/Users/hitesh/Documents/GitHub/CarND-Behavioral-Cloning-P3/owndata-recovery7/IMG/center_2018_07_09_21_21_37_112.jpg,/Users/hitesh/Documents/GitHub/CarND-Behavioral-Cloning-P3/owndata-recovery7/IMG/left_2018_07_09_21_21_37_112.jpg,/Users/hitesh/Documents/GitHub/CarND-Behavioral-Cloning-P3/owndata-recovery7/IMG/right_2018_07_09_21_21_37_112.jpg,-0.1941701,1,0,30.18913
/Users/hitesh/Documents/GitHub/CarND-Behavioral-Cloning-P3/owndata-recovery7/IMG/center_2018_07_09_21_21_37_186.jpg,/Users/hitesh/Documents/GitHub/CarND-Behavioral-Cloning-P3/owndata-recovery7/IMG/left_2018_07_09_21_21_37_186.jpg,/Users/hitesh/Documents/GitHub/CarND-Behavioral-Cloning-P3/owndata-recovery7/IMG/right_2018_07_09_21_21_37_186.jpg,-0.1933594,1,0,30.18932
/Users/hitesh/Documents/GitHub/CarND-Behavioral-Cloning-P3/owndata-recovery7/IMG/center_2018_07_09_21_21_37_263.jpg,/Users/hitesh/Documents/GitHub/CarND-Behavioral-Cloning-P3/owndata-recovery7/IMG/left_2018_07_09_21_21_37_263.jpg,/Users/hitesh/Documents/GitHub/CarND-Behavioral-Cloning-P3/owndata-recovery7/IMG/right_2018_07_09_21_21_37_263.jpg,-0.1933594,1,0,30.18943
/Users/hitesh/Documents/GitHub/CarND-Behavioral-Cloning-P3/owndata-recovery7/IMG/center_2018_07_09_21_21_37_342.jpg,/Users/hitesh/Documents/GitHub/CarND-Behavioral-Cloning-P3/owndata-recovery7/IMG/left_2018_07_09_21_21_37_342.jpg,/Users/hitesh/Documents/GitHub/CarND-Behavioral-Cloning-P3/owndata-recovery7/IMG/right_2018_07_09_21_21_37_342.jpg,0,0.957301,0,30.18944
/Users/hitesh/Documents/GitHub/CarND-Behavioral-Cloning-P3/owndata-recovery7/IMG/center_2018_07_09_21_21_37_414.jpg,/Users/hitesh/Documents/GitHub/CarND-Behavioral-Cloning-P3/owndata-recovery7/IMG/left_2018_07_09_21_21_37_414.jpg,/Users/hitesh/Documents/GitHub/CarND-Behavioral-Cloning-P3/owndata-recovery7/IMG/right_2018_07_09_21_21_37_414.jpg,0,0.7697588,0,30.14801
/Users/hitesh/Documents/GitHub/CarND-Behavioral-Cloning-P3/owndata-recovery7/IMG/center_2018_07_09_21_21_37_490.jpg,/Users/hitesh/Documents/GitHub/CarND-Behavioral-Cloning-P3/owndata-recovery7/IMG/left_2018_07_09_21_21_37_490.jpg,/Users/hitesh/Documents/GitHub/CarND-Behavioral-Cloning-P3/owndata-recovery7/IMG/right_2018_07_09_21_21_37_490.jpg,0,0.5150498,0,30.08113
/Users/hitesh/Documents/GitHub/CarND-Behavioral-Cloning-P3/owndata-recovery7/IMG/center_2018_07_09_21_21_37_607.jpg,/Users/hitesh/Documents/GitHub/CarND-Behavioral-Cloning-P3/owndata-recovery7/IMG/left_2018_07_09_21_21_37_607.jpg,/Users/hitesh/Documents/GitHub/CarND-Behavioral-Cloning-P3/owndata-recovery7/IMG/right_2018_07_09_21_21_37_607.jpg,0,0.2763761,0,29.86841
/Users/hitesh/Documents/GitHub/CarND-Behavioral-Cloning-P3/owndata-recovery7/IMG/center_2018_07_09_21_21_48_020.jpg,/Users/hitesh/Documents/GitHub/CarND-Behavioral-Cloning-P3/owndata-recovery7/IMG/left_2018_07_09_21_21_48_020.jpg,/Users/hitesh/Documents/GitHub/CarND-Behavioral-Cloning-P3/owndata-recovery7/IMG/right_2018_07_09_21_21_48_020.jpg,0,0,0,13.82054
/Users/hitesh/Documents/GitHub/CarND-Behavioral-Cloning-P3/owndata-recovery7/IMG/center_2018_07_09_21_21_48_089.jpg,/Users/hitesh/Documents/GitHub/CarND-Behavioral-Cloning-P3/owndata-recovery7/IMG/left_2018_07_09_21_21_48_089.jpg,/Users/hitesh/Documents/GitHub/CarND-Behavioral-Cloning-P3/owndata-recovery7/IMG/right_2018_07_09_21_21_48_089.jpg,-0.3861291,0,0,14.01662
/Users/hitesh/Documents/GitHub/CarND-Behavioral-Cloning-P3/owndata-recovery7/IMG/center_2018_07_09_21_21_48_168.jpg,/Users/hitesh/Documents/GitHub/CarND-Behavioral-Cloning-P3/owndata-recovery7/IMG/left_2018_07_09_21_21_48_168.jpg,/Users/hitesh/Documents/GitHub/CarND-Behavioral-Cloning-P3/owndata-recovery7/IMG/right_2018_07_09_21_21_48_168.jpg,-0.8240345,0,0,13.71789
/Users/hitesh/Documents/GitHub/CarND-Behavioral-Cloning-P3/owndata-recovery7/IMG/center_2018_07_09_21_21_48_235.jpg,/Users/hitesh/Documents/GitHub/CarND-Behavioral-Cloning-P3/owndata-recovery7/IMG/left_2018_07_09_21_21_48_235.jpg,/Users/hitesh/Documents/GitHub/CarND-Behavioral-Cloning-P3/owndata-recovery7/IMG/right_2018_07_09_21_21_48_235.jpg,-1,0,0,13.23202
/Users/hitesh/Documents/GitHub/CarND-Behavioral-Cloning-P3/owndata-recovery7/IMG/center_2018_07_09_21_21_48_310.jpg,/Users/hitesh/Documents/GitHub/CarND-Behavioral-Cloning-P3/owndata-recovery7/IMG/left_2018_07_09_21_21_48_310.jpg,/Users/hitesh/Documents/GitHub/CarND-Behavioral-Cloning-P3/owndata-recovery7/IMG/right_2018_07_09_21_21_48_310.jpg,-1,0,0,12.90297
/Users/hitesh/Documents/GitHub/CarND-Behavioral-Cloning-P3/owndata-recovery7/IMG/center_2018_07_09_21_21_48_381.jpg,/Users/hitesh/Documents/GitHub/CarND-Behavioral-Cloning-P3/owndata-recovery7/IMG/left_2018_07_09_21_21_48_381.jpg,/Users/hitesh/Documents/GitHub/CarND-Behavioral-Cloning-P3/owndata-recovery7/IMG/right_2018_07_09_21_21_48_381.jpg,-1,0,0,13.00127
/Users/hitesh/Documents/GitHub/CarND-Behavioral-Cloning-P3/owndata-recovery7/IMG/center_2018_07_09_21_21_48_455.jpg,/Users/hitesh/Documents/GitHub/CarND-Behavioral-Cloning-P3/owndata-recovery7/IMG/left_2018_07_09_21_21_48_455.jpg,/Users/hitesh/Documents/GitHub/CarND-Behavioral-Cloning-P3/owndata-recovery7/IMG/right_2018_07_09_21_21_48_455.jpg,-1,0,0,12.83133
/Users/hitesh/Documents/GitHub/CarND-Behavioral-Cloning-P3/owndata-recovery7/IMG/center_2018_07_09_21_21_48_530.jpg,/Users/hitesh/Documents/GitHub/CarND-Behavioral-Cloning-P3/owndata-recovery7/IMG/left_2018_07_09_21_21_48_530.jpg,/Users/hitesh/Documents/GitHub/CarND-Behavioral-Cloning-P3/owndata-recovery7/IMG/right_2018_07_09_21_21_48_530.jpg,-1,0,0,12.68182
/Users/hitesh/Documents/GitHub/CarND-Behavioral-Cloning-P3/owndata-recovery7/IMG/center_2018_07_09_21_21_48_606.jpg,/Users/hitesh/Documents/GitHub/CarND-Behavioral-Cloning-P3/owndata-recovery7/IMG/left_2018_07_09_21_21_48_606.jpg,/Users/hitesh/Documents/GitHub/CarND-Behavioral-Cloning-P3/owndata-recovery7/IMG/right_2018_07_09_21_21_48_606.jpg,-1,0,0,12.5525
/Users/hitesh/Documents/GitHub/CarND-Behavioral-Cloning-P3/owndata-recovery7/IMG/center_2018_07_09_21_21_48_680.jpg,/Users/hitesh/Documents/GitHub/CarND-Behavioral-Cloning-P3/owndata-recovery7/IMG/left_2018_07_09_21_21_48_680.jpg,/Users/hitesh/Documents/GitHub/CarND-Behavioral-Cloning-P3/owndata-recovery7/IMG/right_2018_07_09_21_21_48_680.jpg,-1,0,0,12.17776
/Users/hitesh/Documents/GitHub/CarND-Behavioral-Cloning-P3/owndata-recovery7/IMG/center_2018_07_09_21_21_48_755.jpg,/Users/hitesh/Documents/GitHub/CarND-Behavioral-Cloning-P3/owndata-recovery7/IMG/left_2018_07_09_21_21_48_755.jpg,/Users/hitesh/Documents/GitHub/CarND-Behavioral-Cloning-P3/owndata-recovery7/IMG/right_2018_07_09_21_21_48_755.jpg,-1,0,0,12.05264
/Users/hitesh/Documents/GitHub/CarND-Behavioral-Cloning-P3/owndata-recovery7/IMG/center_2018_07_09_21_21_48_830.jpg,/Users/hitesh/Documents/GitHub/CarND-Behavioral-Cloning-P3/owndata-recovery7/IMG/left_2018_07_09_21_21_48_830.jpg,/Users/hitesh/Documents/GitHub/CarND-Behavioral-Cloning-P3/owndata-recovery7/IMG/right_2018_07_09_21_21_48_830.jpg,-1,0,0,11.92565
/Users/hitesh/Documents/GitHub/CarND-Behavioral-Cloning-P3/owndata-recovery7/IMG/center_2018_07_09_21_21_48_895.jpg,/Users/hitesh/Documents/GitHub/CarND-Behavioral-Cloning-P3/owndata-recovery7/IMG/left_2018_07_09_21_21_48_895.jpg,/Users/hitesh/Documents/GitHub/CarND-Behavioral-Cloning-P3/owndata-recovery7/IMG/right_2018_07_09_21_21_48_895.jpg,-1,0,0,12.111
/Users/hitesh/Documents/GitHub/CarND-Behavioral-Cloning-P3/owndata-recovery7/IMG/center_2018_07_09_21_21_48_971.jpg,/Users/hitesh/Documents/GitHub/CarND-Behavioral-Cloning-P3/owndata-recovery7/IMG/left_2018_07_09_21_21_48_971.jpg,/Users/hitesh/Documents/GitHub/CarND-Behavioral-Cloning-P3/owndata-recovery7/IMG/right_2018_07_09_21_21_48_971.jpg,-1,0,0,11.99562
/Users/hitesh/Documents/GitHub/CarND-Behavioral-Cloning-P3/owndata-recovery7/IMG/center_2018_07_09_21_21_49_059.jpg,/Users/hitesh/Documents/GitHub/CarND-Behavioral-Cloning-P3/owndata-recovery7/IMG/left_2018_07_09_21_21_49_059.jpg,/Users/hitesh/Documents/GitHub/CarND-Behavioral-Cloning-P3/owndata-recovery7/IMG/right_2018_07_09_21_21_49_059.jpg,-1,0,0,11.86623
/Users/hitesh/Documents/GitHub/CarND-Behavioral-Cloning-P3/owndata-recovery7/IMG/center_2018_07_09_21_21_49_136.jpg,/Users/hitesh/Documents/GitHub/CarND-Behavioral-Cloning-P3/owndata-recovery7/IMG/left_2018_07_09_21_21_49_136.jpg,/Users/hitesh/Documents/GitHub/CarND-Behavioral-Cloning-P3/owndata-recovery7/IMG/right_2018_07_09_21_21_49_136.jpg,-1,0,0,11.70453
/Users/hitesh/Documents/GitHub/CarND-Behavioral-Cloning-P3/owndata-recovery7/IMG/center_2018_07_09_21_21_49_211.jpg,/Users/hitesh/Documents/GitHub/CarND-Behavioral-Cloning-P3/owndata-recovery7/IMG/left_2018_07_09_21_21_49_211.jpg,/Users/hitesh/Documents/GitHub/CarND-Behavioral-Cloning-P3/owndata-recovery7/IMG/right_2018_07_09_21_21_49_211.jpg,-1,0,0,11.40432
/Users/hitesh/Documents/GitHub/CarND-Behavioral-Cloning-P3/owndata-recovery7/IMG/center_2018_07_09_21_21_49_279.jpg,/Users/hitesh/Documents/GitHub/CarND-Behavioral-Cloning-P3/owndata-recovery7/IMG/left_2018_07_09_21_21_49_279.jpg,/Users/hitesh/Documents/GitHub/CarND-Behavioral-Cloning-P3/owndata-recovery7/IMG/right_2018_07_09_21_21_49_279.jpg,-1,0,0,11.47612
/Users/hitesh/Documents/GitHub/CarND-Behavioral-Cloning-P3/owndata-recovery7/IMG/center_2018_07_09_21_21_49_353.jpg,/Users/hitesh/Documents/GitHub/CarND-Behavioral-Cloning-P3/owndata-recovery7/IMG/left_2018_07_09_21_21_49_353.jpg,/Users/hitesh/Documents/GitHub/CarND-Behavioral-Cloning-P3/owndata-recovery7/IMG/right_2018_07_09_21_21_49_353.jpg,-1,0,0,11.4046
/Users/hitesh/Documents/GitHub/CarND-Behavioral-Cloning-P3/owndata-recovery7/IMG/center_2018_07_09_21_21_49_473.jpg,/Users/hitesh/Documents/GitHub/CarND-Behavioral-Cloning-P3/owndata-recovery7/IMG/left_2018_07_09_21_21_49_473.jpg,/Users/hitesh/Documents/GitHub/CarND-Behavioral-Cloning-P3/owndata-recovery7/IMG/right_2018_07_09_21_21_49_473.jpg,0,0,0,10.62151
/Users/hitesh/Documents/GitHub/CarND-Behavioral-Cloning-P3/owndata-recovery7/IMG/center_2018_07_09_21_21_56_621.jpg,/Users/hitesh/Documents/GitHub/CarND-Behavioral-Cloning-P3/owndata-recovery7/IMG/left_2018_07_09_21_21_56_621.jpg,/Users/hitesh/Documents/GitHub/CarND-Behavioral-Cloning-P3/owndata-recovery7/IMG/right_2018_07_09_21_21_56_621.jpg,0,0.720919,0,9.79742
/Users/hitesh/Documents/GitHub/CarND-Behavioral-Cloning-P3/owndata-recovery7/IMG/center_2018_07_09_21_21_56_693.jpg,/Users/hitesh/Documents/GitHub/CarND-Behavioral-Cloning-P3/owndata-recovery7/IMG/left_2018_07_09_21_21_56_693.jpg,/Users/hitesh/Documents/GitHub/CarND-Behavioral-Cloning-P3/owndata-recovery7/IMG/right_2018_07_09_21_21_56_693.jpg,-0.365824,0.4992942,0,10.24396
/Users/hitesh/Documents/GitHub/CarND-Behavioral-Cloning-P3/owndata-recovery7/IMG/center_2018_07_09_21_21_56_765.jpg,/Users/hitesh/Documents/GitHub/CarND-Behavioral-Cloning-P3/owndata-recovery7/IMG/left_2018_07_09_21_21_56_765.jpg,/Users/hitesh/Documents/GitHub/CarND-Behavioral-Cloning-P3/owndata-recovery7/IMG/right_2018_07_09_21_21_56_765.jpg,-0.8026975,0.249607,0,10.29159
/Users/hitesh/Documents/GitHub/CarND-Behavioral-Cloning-P3/owndata-recovery7/IMG/center_2018_07_09_21_21_56_843.jpg,/Users/hitesh/Documents/GitHub/CarND-Behavioral-Cloning-P3/owndata-recovery7/IMG/left_2018_07_09_21_21_56_843.jpg,/Users/hitesh/Documents/GitHub/CarND-Behavioral-Cloning-P3/owndata-recovery7/IMG/right_2018_07_09_21_21_56_843.jpg,-1,0.01771891,0,10.12204
/Users/hitesh/Documents/GitHub/CarND-Behavioral-Cloning-P3/owndata-recovery7/IMG/center_2018_07_09_21_21_56_922.jpg,/Users/hitesh/Documents/GitHub/CarND-Behavioral-Cloning-P3/owndata-recovery7/IMG/left_2018_07_09_21_21_56_922.jpg,/Users/hitesh/Documents/GitHub/CarND-Behavioral-Cloning-P3/owndata-recovery7/IMG/right_2018_07_09_21_21_56_922.jpg,-1,0,0,9.958598
/Users/hitesh/Documents/GitHub/CarND-Behavioral-Cloning-P3/owndata-recovery7/IMG/center_2018_07_09_21_21_56_991.jpg,/Users/hitesh/Documents/GitHub/CarND-Behavioral-Cloning-P3/owndata-recovery7/IMG/left_2018_07_09_21_21_56_991.jpg,/Users/hitesh/Documents/GitHub/CarND-Behavioral-Cloning-P3/owndata-recovery7/IMG/right_2018_07_09_21_21_56_991.jpg,-1,0,0,9.866213
/Users/hitesh/Documents/GitHub/CarND-Behavioral-Cloning-P3/owndata-recovery7/IMG/center_2018_07_09_21_21_57_059.jpg,/Users/hitesh/Documents/GitHub/CarND-Behavioral-Cloning-P3/owndata-recovery7/IMG/left_2018_07_09_21_21_57_059.jpg,/Users/hitesh/Documents/GitHub/CarND-Behavioral-Cloning-P3/owndata-recovery7/IMG/right_2018_07_09_21_21_57_059.jpg,-1,0,0,9.783964
/Users/hitesh/Documents/GitHub/CarND-Behavioral-Cloning-P3/owndata-recovery7/IMG/center_2018_07_09_21_21_57_134.jpg,/Users/hitesh/Documents/GitHub/CarND-Behavioral-Cloning-P3/owndata-recovery7/IMG/left_2018_07_09_21_21_57_134.jpg,/Users/hitesh/Documents/GitHub/CarND-Behavioral-Cloning-P3/owndata-recovery7/IMG/right_2018_07_09_21_21_57_134.jpg,-1,0,0,9.680804
/Users/hitesh/Documents/GitHub/CarND-Behavioral-Cloning-P3/owndata-recovery7/IMG/center_2018_07_09_21_21_57_209.jpg,/Users/hitesh/Documents/GitHub/CarND-Behavioral-Cloning-P3/owndata-recovery7/IMG/left_2018_07_09_21_21_57_209.jpg,/Users/hitesh/Documents/GitHub/CarND-Behavioral-Cloning-P3/owndata-recovery7/IMG/right_2018_07_09_21_21_57_209.jpg,-1,0,0,9.580972
/Users/hitesh/Documents/GitHub/CarND-Behavioral-Cloning-P3/owndata-recovery7/IMG/center_2018_07_09_21_21_57_281.jpg,/Users/hitesh/Documents/GitHub/CarND-Behavioral-Cloning-P3/owndata-recovery7/IMG/left_2018_07_09_21_21_57_281.jpg,/Users/hitesh/Documents/GitHub/CarND-Behavioral-Cloning-P3/owndata-recovery7/IMG/right_2018_07_09_21_21_57_281.jpg,-1,0,0,9.507384
/Users/hitesh/Documents/GitHub/CarND-Behavioral-Cloning-P3/owndata-recovery7/IMG/center_2018_07_09_21_21_57_351.jpg,/Users/hitesh/Documents/GitHub/CarND-Behavioral-Cloning-P3/owndata-recovery7/IMG/left_2018_07_09_21_21_57_351.jpg,/Users/hitesh/Documents/GitHub/CarND-Behavioral-Cloning-P3/owndata-recovery7/IMG/right_2018_07_09_21_21_57_351.jpg,-1,0,0,9.408735
/Users/hitesh/Documents/GitHub/CarND-Behavioral-Cloning-P3/owndata-recovery7/IMG/center_2018_07_09_21_21_57_420.jpg,/Users/hitesh/Documents/GitHub/CarND-Behavioral-Cloning-P3/owndata-recovery7/IMG/left_2018_07_09_21_21_57_420.jpg,/Users/hitesh/Documents/GitHub/CarND-Behavioral-Cloning-P3/owndata-recovery7/IMG/right_2018_07_09_21_21_57_420.jpg,-1,0,0,9.336699
/Users/hitesh/Documents/GitHub/CarND-Behavioral-Cloning-P3/owndata-recovery7/IMG/center_2018_07_09_21_21_57_493.jpg,/Users/hitesh/Documents/GitHub/CarND-Behavioral-Cloning-P3/owndata-recovery7/IMG/left_2018_07_09_21_21_57_493.jpg,/Users/hitesh/Documents/GitHub/CarND-Behavioral-Cloning-P3/owndata-recovery7/IMG/right_2018_07_09_21_21_57_493.jpg,-1,0,0,9.24177
/Users/hitesh/Documents/GitHub/CarND-Behavioral-Cloning-P3/owndata-recovery7/IMG/center_2018_07_09_21_21_57_569.jpg,/Users/hitesh/Documents/GitHub/CarND-Behavioral-Cloning-P3/owndata-recovery7/IMG/left_2018_07_09_21_21_57_569.jpg,/Users/hitesh/Documents/GitHub/CarND-Behavioral-Cloning-P3/owndata-recovery7/IMG/right_2018_07_09_21_21_57_569.jpg,-1,0,0,9.147973
/Users/hitesh/Documents/GitHub/CarND-Behavioral-Cloning-P3/owndata-recovery7/IMG/center_2018_07_09_21_21_57_644.jpg,/Users/hitesh/Documents/GitHub/CarND-Behavioral-Cloning-P3/owndata-recovery7/IMG/left_2018_07_09_21_21_57_644.jpg,/Users/hitesh/Documents/GitHub/CarND-Behavioral-Cloning-P3/owndata-recovery7/IMG/right_2018_07_09_21_21_57_644.jpg,-1,0,0,9.055482
/Users/hitesh/Documents/GitHub/CarND-Behavioral-Cloning-P3/owndata-recovery7/IMG/center_2018_07_09_21_21_57_716.jpg,/Users/hitesh/Documents/GitHub/CarND-Behavioral-Cloning-P3/owndata-recovery7/IMG/left_2018_07_09_21_21_57_716.jpg,/Users/hitesh/Documents/GitHub/CarND-Behavioral-Cloning-P3/owndata-recovery7/IMG/right_2018_07_09_21_21_57_716.jpg,-1,0,0,8.986938
/Users/hitesh/Documents/GitHub/CarND-Behavioral-Cloning-P3/owndata-recovery7/IMG/center_2018_07_09_21_21_57_792.jpg,/Users/hitesh/Documents/GitHub/CarND-Behavioral-Cloning-P3/owndata-recovery7/IMG/left_2018_07_09_21_21_57_792.jpg,/Users/hitesh/Documents/GitHub/CarND-Behavioral-Cloning-P3/owndata-recovery7/IMG/right_2018_07_09_21_21_57_792.jpg,-1,0,0,8.895573
/Users/hitesh/Documents/GitHub/CarND-Behavioral-Cloning-P3/owndata-recovery7/IMG/center_2018_07_09_21_21_57_868.jpg,/Users/hitesh/Documents/GitHub/CarND-Behavioral-Cloning-P3/owndata-recovery7/IMG/left_2018_07_09_21_21_57_868.jpg,/Users/hitesh/Documents/GitHub/CarND-Behavioral-Cloning-P3/owndata-recovery7/IMG/right_2018_07_09_21_21_57_868.jpg,-1,0,0,8.803912
/Users/hitesh/Documents/GitHub/CarND-Behavioral-Cloning-P3/owndata-recovery7/IMG/center_2018_07_09_21_21_58_011.jpg,/Users/hitesh/Documents/GitHub/CarND-Behavioral-Cloning-P3/owndata-recovery7/IMG/left_2018_07_09_21_21_58_011.jpg,/Users/hitesh/Documents/GitHub/CarND-Behavioral-Cloning-P3/owndata-recovery7/IMG/right_2018_07_09_21_21_58_011.jpg,0,0,0,8.111705
/Users/hitesh/Documents/GitHub/CarND-Behavioral-Cloning-P3/owndata-recovery7/IMG/center_2018_07_09_21_22_09_110.jpg,/Users/hitesh/Documents/GitHub/CarND-Behavioral-Cloning-P3/owndata-recovery7/IMG/left_2018_07_09_21_22_09_110.jpg,/Users/hitesh/Documents/GitHub/CarND-Behavioral-Cloning-P3/owndata-recovery7/IMG/right_2018_07_09_21_22_09_110.jpg,0,0,0,5.962641
/Users/hitesh/Documents/GitHub/CarND-Behavioral-Cloning-P3/owndata-recovery7/IMG/center_2018_07_09_21_22_09_181.jpg,/Users/hitesh/Documents/GitHub/CarND-Behavioral-Cloning-P3/owndata-recovery7/IMG/left_2018_07_09_21_22_09_181.jpg,/Users/hitesh/Documents/GitHub/CarND-Behavioral-Cloning-P3/owndata-recovery7/IMG/right_2018_07_09_21_22_09_181.jpg,0,0,0,5.924699
/Users/hitesh/Documents/GitHub/CarND-Behavioral-Cloning-P3/owndata-recovery7/IMG/center_2018_07_09_21_22_09_255.jpg,/Users/hitesh/Documents/GitHub/CarND-Behavioral-Cloning-P3/owndata-recovery7/IMG/left_2018_07_09_21_22_09_255.jpg,/Users/hitesh/Documents/GitHub/CarND-Behavioral-Cloning-P3/owndata-recovery7/IMG/right_2018_07_09_21_22_09_255.jpg,-0.0520342,0.1531291,0,5.942524
/Users/hitesh/Documents/GitHub/CarND-Behavioral-Cloning-P3/owndata-recovery7/IMG/center_2018_07_09_21_22_09_328.jpg,/Users/hitesh/Documents/GitHub/CarND-Behavioral-Cloning-P3/owndata-recovery7/IMG/left_2018_07_09_21_22_09_328.jpg,/Users/hitesh/Documents/GitHub/CarND-Behavioral-Cloning-P3/owndata-recovery7/IMG/right_2018_07_09_21_22_09_328.jpg,-0.2801445,0.403764,0,6.165741
/Users/hitesh/Documents/GitHub/CarND-Behavioral-Cloning-P3/owndata-recovery7/IMG/center_2018_07_09_21_22_09_397.jpg,/Users/hitesh/Documents/GitHub/CarND-Behavioral-Cloning-P3/owndata-recovery7/IMG/left_2018_07_09_21_22_09_397.jpg,/Users/hitesh/Documents/GitHub/CarND-Behavioral-Cloning-P3/owndata-recovery7/IMG/right_2018_07_09_21_22_09_397.jpg,-0.3286778,0.578256,0,6.486694
/Users/hitesh/Documents/GitHub/CarND-Behavioral-Cloning-P3/owndata-recovery7/IMG/center_2018_07_09_21_22_09_468.jpg,/Users/hitesh/Documents/GitHub/CarND-Behavioral-Cloning-P3/owndata-recovery7/IMG/left_2018_07_09_21_22_09_468.jpg,/Users/hitesh/Documents/GitHub/CarND-Behavioral-Cloning-P3/owndata-recovery7/IMG/right_2018_07_09_21_22_09_468.jpg,-0.4012014,0.330294,0,6.847625
/Users/hitesh/Documents/GitHub/CarND-Behavioral-Cloning-P3/owndata-recovery7/IMG/center_2018_07_09_21_22_09_540.jpg,/Users/hitesh/Documents/GitHub/CarND-Behavioral-Cloning-P3/owndata-recovery7/IMG/left_2018_07_09_21_22_09_540.jpg,/Users/hitesh/Documents/GitHub/CarND-Behavioral-Cloning-P3/owndata-recovery7/IMG/right_2018_07_09_21_22_09_540.jpg,-0.4324145,0.1518627,0,6.963729
/Users/hitesh/Documents/GitHub/CarND-Behavioral-Cloning-P3/owndata-recovery7/IMG/center_2018_07_09_21_22_09_609.jpg,/Users/hitesh/Documents/GitHub/CarND-Behavioral-Cloning-P3/owndata-recovery7/IMG/left_2018_07_09_21_22_09_609.jpg,/Users/hitesh/Documents/GitHub/CarND-Behavioral-Cloning-P3/owndata-recovery7/IMG/right_2018_07_09_21_22_09_609.jpg,-0.4766362,0,0,6.937571
/Users/hitesh/Documents/GitHub/CarND-Behavioral-Cloning-P3/owndata-recovery7/IMG/center_2018_07_09_21_22_09_676.jpg,/Users/hitesh/Documents/GitHub/CarND-Behavioral-Cloning-P3/owndata-recovery7/IMG/left_2018_07_09_21_22_09_676.jpg,/Users/hitesh/Documents/GitHub/CarND-Behavioral-Cloning-P3/owndata-recovery7/IMG/right_2018_07_09_21_22_09_676.jpg,-0.5008476,0,0,6.888478
/Users/hitesh/Documents/GitHub/CarND-Behavioral-Cloning-P3/owndata-recovery7/IMG/center_2018_07_09_21_22_09_753.jpg,/Users/hitesh/Documents/GitHub/CarND-Behavioral-Cloning-P3/owndata-recovery7/IMG/left_2018_07_09_21_22_09_753.jpg,/Users/hitesh/Documents/GitHub/CarND-Behavioral-Cloning-P3/owndata-recovery7/IMG/right_2018_07_09_21_22_09_753.jpg,-0.5205262,0,0,6.826841
/Users/hitesh/Documents/GitHub/CarND-Behavioral-Cloning-P3/owndata-recovery7/IMG/center_2018_07_09_21_22_09_831.jpg,/Users/hitesh/Documents/GitHub/CarND-Behavioral-Cloning-P3/owndata-recovery7/IMG/left_2018_07_09_21_22_09_831.jpg,/Users/hitesh/Documents/GitHub/CarND-Behavioral-Cloning-P3/owndata-recovery7/IMG/right_2018_07_09_21_22_09_831.jpg,-0.5462854,0,0,6.765314
/Users/hitesh/Documents/GitHub/CarND-Behavioral-Cloning-P3/owndata-recovery7/IMG/center_2018_07_09_21_22_09_897.jpg,/Users/hitesh/Documents/GitHub/CarND-Behavioral-Cloning-P3/owndata-recovery7/IMG/left_2018_07_09_21_22_09_897.jpg,/Users/hitesh/Documents/GitHub/CarND-Behavioral-Cloning-P3/owndata-recovery7/IMG/right_2018_07_09_21_22_09_897.jpg,-0.5703493,0,0,6.718564
/Users/hitesh/Documents/GitHub/CarND-Behavioral-Cloning-P3/owndata-recovery7/IMG/center_2018_07_09_21_22_09_967.jpg,/Users/hitesh/Documents/GitHub/CarND-Behavioral-Cloning-P3/owndata-recovery7/IMG/left_2018_07_09_21_22_09_967.jpg,/Users/hitesh/Documents/GitHub/CarND-Behavioral-Cloning-P3/owndata-recovery7/IMG/right_2018_07_09_21_22_09_967.jpg,-0.5895121,0,0,6.657622
/Users/hitesh/Documents/GitHub/CarND-Behavioral-Cloning-P3/owndata-recovery7/IMG/center_2018_07_09_21_22_10_034.jpg,/Users/hitesh/Documents/GitHub/CarND-Behavioral-Cloning-P3/owndata-recovery7/IMG/left_2018_07_09_21_22_10_034.jpg,/Users/hitesh/Documents/GitHub/CarND-Behavioral-Cloning-P3/owndata-recovery7/IMG/right_2018_07_09_21_22_10_034.jpg,-0.6142762,0,0,6.610651
/Users/hitesh/Documents/GitHub/CarND-Behavioral-Cloning-P3/owndata-recovery7/IMG/center_2018_07_09_21_22_10_105.jpg,/Users/hitesh/Documents/GitHub/CarND-Behavioral-Cloning-P3/owndata-recovery7/IMG/left_2018_07_09_21_22_10_105.jpg,/Users/hitesh/Documents/GitHub/CarND-Behavioral-Cloning-P3/owndata-recovery7/IMG/right_2018_07_09_21_22_10_105.jpg,-0.6291642,0,0,6.550276
/Users/hitesh/Documents/GitHub/CarND-Behavioral-Cloning-P3/owndata-recovery7/IMG/center_2018_07_09_21_22_10_173.jpg,/Users/hitesh/Documents/GitHub/CarND-Behavioral-Cloning-P3/owndata-recovery7/IMG/left_2018_07_09_21_22_10_173.jpg,/Users/hitesh/Documents/GitHub/CarND-Behavioral-Cloning-P3/owndata-recovery7/IMG/right_2018_07_09_21_22_10_173.jpg,-0.6348394,0,0,6.506644
/Users/hitesh/Documents/GitHub/CarND-Behavioral-Cloning-P3/owndata-recovery7/IMG/center_2018_07_09_21_22_10_248.jpg,/Users/hitesh/Documents/GitHub/CarND-Behavioral-Cloning-P3/owndata-recovery7/IMG/left_2018_07_09_21_22_10_248.jpg,/Users/hitesh/Documents/GitHub/CarND-Behavioral-Cloning-P3/owndata-recovery7/IMG/right_2018_07_09_21_22_10_248.jpg,-0.6348394,0,0,6.450873
/Users/hitesh/Documents/GitHub/CarND-Behavioral-Cloning-P3/owndata-recovery7/IMG/center_2018_07_09_21_22_10_318.jpg,/Users/hitesh/Documents/GitHub/CarND-Behavioral-Cloning-P3/owndata-recovery7/IMG/left_2018_07_09_21_22_10_318.jpg,/Users/hitesh/Documents/GitHub/CarND-Behavioral-Cloning-P3/owndata-recovery7/IMG/right_2018_07_09_21_22_10_318.jpg,-0.6348394,0,0,6.409934
/Users/hitesh/Documents/GitHub/CarND-Behavioral-Cloning-P3/owndata-recovery7/IMG/center_2018_07_09_21_22_10_392.jpg,/Users/hitesh/Documents/GitHub/CarND-Behavioral-Cloning-P3/owndata-recovery7/IMG/left_2018_07_09_21_22_10_392.jpg,/Users/hitesh/Documents/GitHub/CarND-Behavioral-Cloning-P3/owndata-recovery7/IMG/right_2018_07_09_21_22_10_392.jpg,-0.6348394,0,0,6.356128
/Users/hitesh/Documents/GitHub/CarND-Behavioral-Cloning-P3/owndata-recovery7/IMG/center_2018_07_09_21_22_10_465.jpg,/Users/hitesh/Documents/GitHub/CarND-Behavioral-Cloning-P3/owndata-recovery7/IMG/left_2018_07_09_21_22_10_465.jpg,/Users/hitesh/Documents/GitHub/CarND-Behavioral-Cloning-P3/owndata-recovery7/IMG/right_2018_07_09_21_22_10_465.jpg,-0.6356132,0,0,6.303054
/Users/hitesh/Documents/GitHub/CarND-Behavioral-Cloning-P3/owndata-recovery7/IMG/center_2018_07_09_21_22_10_541.jpg,/Users/hitesh/Documents/GitHub/CarND-Behavioral-Cloning-P3/owndata-recovery7/IMG/left_2018_07_09_21_22_10_541.jpg,/Users/hitesh/Documents/GitHub/CarND-Behavioral-Cloning-P3/owndata-recovery7/IMG/right_2018_07_09_21_22_10_541.jpg,-0.6735702,0,0,6.259373
/Users/hitesh/Documents/GitHub/CarND-Behavioral-Cloning-P3/owndata-recovery7/IMG/center_2018_07_09_21_22_10_612.jpg,/Users/hitesh/Documents/GitHub/CarND-Behavioral-Cloning-P3/owndata-recovery7/IMG/left_2018_07_09_21_22_10_612.jpg,/Users/hitesh/Documents/GitHub/CarND-Behavioral-Cloning-P3/owndata-recovery7/IMG/right_2018_07_09_21_22_10_612.jpg,-0.6760761,0,0,6.203775
/Users/hitesh/Documents/GitHub/CarND-Behavioral-Cloning-P3/owndata-recovery7/IMG/center_2018_07_09_21_22_10_682.jpg,/Users/hitesh/Documents/GitHub/CarND-Behavioral-Cloning-P3/owndata-recovery7/IMG/left_2018_07_09_21_22_10_682.jpg,/Users/hitesh/Documents/GitHub/CarND-Behavioral-Cloning-P3/owndata-recovery7/IMG/right_2018_07_09_21_22_10_682.jpg,-0.6760761,0,0,6.150966
/Users/hitesh/Documents/GitHub/CarND-Behavioral-Cloning-P3/owndata-recovery7/IMG/center_2018_07_09_21_22_10_754.jpg,/Users/hitesh/Documents/GitHub/CarND-Behavioral-Cloning-P3/owndata-recovery7/IMG/left_2018_07_09_21_22_10_754.jpg,/Users/hitesh/Documents/GitHub/CarND-Behavioral-Cloning-P3/owndata-recovery7/IMG/right_2018_07_09_21_22_10_754.jpg,-0.6760761,0,0,6.112185
/Users/hitesh/Documents/GitHub/CarND-Behavioral-Cloning-P3/owndata-recovery7/IMG/center_2018_07_09_21_22_10_824.jpg,/Users/hitesh/Documents/GitHub/CarND-Behavioral-Cloning-P3/owndata-recovery7/IMG/left_2018_07_09_21_22_10_824.jpg,/Users/hitesh/Documents/GitHub/CarND-Behavioral-Cloning-P3/owndata-recovery7/IMG/right_2018_07_09_21_22_10_824.jpg,-0.6760761,0,0,6.06122
/Users/hitesh/Documents/GitHub/CarND-Behavioral-Cloning-P3/owndata-recovery7/IMG/center_2018_07_09_21_22_10_894.jpg,/Users/hitesh/Documents/GitHub/CarND-Behavioral-Cloning-P3/owndata-recovery7/IMG/left_2018_07_09_21_22_10_894.jpg,/Users/hitesh/Documents/GitHub/CarND-Behavioral-Cloning-P3/owndata-recovery7/IMG/right_2018_07_09_21_22_10_894.jpg,-0.6760761,0,0,6.023497
/Users/hitesh/Documents/GitHub/CarND-Behavioral-Cloning-P3/owndata-recovery7/IMG/center_2018_07_09_21_22_10_965.jpg,/Users/hitesh/Documents/GitHub/CarND-Behavioral-Cloning-P3/owndata-recovery7/IMG/left_2018_07_09_21_22_10_965.jpg,/Users/hitesh/Documents/GitHub/CarND-Behavioral-Cloning-P3/owndata-recovery7/IMG/right_2018_07_09_21_22_10_965.jpg,-0.6760761,0,0,5.973837
/Users/hitesh/Documents/GitHub/CarND-Behavioral-Cloning-P3/owndata-recovery7/IMG/center_2018_07_09_21_22_11_041.jpg,/Users/hitesh/Documents/GitHub/CarND-Behavioral-Cloning-P3/owndata-recovery7/IMG/left_2018_07_09_21_22_11_041.jpg,/Users/hitesh/Documents/GitHub/CarND-Behavioral-Cloning-P3/owndata-recovery7/IMG/right_2018_07_09_21_22_11_041.jpg,-0.6752654,0,0,5.937176
/Users/hitesh/Documents/GitHub/CarND-Behavioral-Cloning-P3/owndata-recovery7/IMG/center_2018_07_09_21_22_11_115.jpg,/Users/hitesh/Documents/GitHub/CarND-Behavioral-Cloning-P3/owndata-recovery7/IMG/left_2018_07_09_21_22_11_115.jpg,/Users/hitesh/Documents/GitHub/CarND-Behavioral-Cloning-P3/owndata-recovery7/IMG/right_2018_07_09_21_22_11_115.jpg,-0.6744546,0,0,5.888925
/Users/hitesh/Documents/GitHub/CarND-Behavioral-Cloning-P3/owndata-recovery7/IMG/center_2018_07_09_21_22_11_186.jpg,/Users/hitesh/Documents/GitHub/CarND-Behavioral-Cloning-P3/owndata-recovery7/IMG/left_2018_07_09_21_22_11_186.jpg,/Users/hitesh/Documents/GitHub/CarND-Behavioral-Cloning-P3/owndata-recovery7/IMG/right_2018_07_09_21_22_11_186.jpg,-0.6761129,0,0,5.841049
/Users/hitesh/Documents/GitHub/CarND-Behavioral-Cloning-P3/owndata-recovery7/IMG/center_2018_07_09_21_22_11_255.jpg,/Users/hitesh/Documents/GitHub/CarND-Behavioral-Cloning-P3/owndata-recovery7/IMG/left_2018_07_09_21_22_11_255.jpg,/Users/hitesh/Documents/GitHub/CarND-Behavioral-Cloning-P3/owndata-recovery7/IMG/right_2018_07_09_21_22_11_255.jpg,-0.6761129,0,0,5.805056
/Users/hitesh/Documents/GitHub/CarND-Behavioral-Cloning-P3/owndata-recovery7/IMG/center_2018_07_09_21_22_11_328.jpg,/Users/hitesh/Documents/GitHub/CarND-Behavioral-Cloning-P3/owndata-recovery7/IMG/left_2018_07_09_21_22_11_328.jpg,/Users/hitesh/Documents/GitHub/CarND-Behavioral-Cloning-P3/owndata-recovery7/IMG/right_2018_07_09_21_22_11_328.jpg,-0.6761129,0,0,5.756784
/Users/hitesh/Documents/GitHub/CarND-Behavioral-Cloning-P3/owndata-recovery7/IMG/center_2018_07_09_21_22_27_469.jpg,/Users/hitesh/Documents/GitHub/CarND-Behavioral-Cloning-P3/owndata-recovery7/IMG/left_2018_07_09_21_22_27_469.jpg,/Users/hitesh/Documents/GitHub/CarND-Behavioral-Cloning-P3/owndata-recovery7/IMG/right_2018_07_09_21_22_27_469.jpg,0,0,0,12.08807
/Users/hitesh/Documents/GitHub/CarND-Behavioral-Cloning-P3/owndata-recovery7/IMG/center_2018_07_09_21_22_27_541.jpg,/Users/hitesh/Documents/GitHub/CarND-Behavioral-Cloning-P3/owndata-recovery7/IMG/left_2018_07_09_21_22_27_541.jpg,/Users/hitesh/Documents/GitHub/CarND-Behavioral-Cloning-P3/owndata-recovery7/IMG/right_2018_07_09_21_22_27_541.jpg,0,0,0,11.95531
/Users/hitesh/Documents/GitHub/CarND-Behavioral-Cloning-P3/owndata-recovery7/IMG/center_2018_07_09_21_22_27_618.jpg,/Users/hitesh/Documents/GitHub/CarND-Behavioral-Cloning-P3/owndata-recovery7/IMG/left_2018_07_09_21_22_27_618.jpg,/Users/hitesh/Documents/GitHub/CarND-Behavioral-Cloning-P3/owndata-recovery7/IMG/right_2018_07_09_21_22_27_618.jpg,-0.5948924,0,0,11.82571
/Users/hitesh/Documents/GitHub/CarND-Behavioral-Cloning-P3/owndata-recovery7/IMG/center_2018_07_09_21_22_27_693.jpg,/Users/hitesh/Documents/GitHub/CarND-Behavioral-Cloning-P3/owndata-recovery7/IMG/left_2018_07_09_21_22_27_693.jpg,/Users/hitesh/Documents/GitHub/CarND-Behavioral-Cloning-P3/owndata-recovery7/IMG/right_2018_07_09_21_22_27_693.jpg,-0.7313901,0,0,11.55159
/Users/hitesh/Documents/GitHub/CarND-Behavioral-Cloning-P3/owndata-recovery7/IMG/center_2018_07_09_21_22_27_765.jpg,/Users/hitesh/Documents/GitHub/CarND-Behavioral-Cloning-P3/owndata-recovery7/IMG/left_2018_07_09_21_22_27_765.jpg,/Users/hitesh/Documents/GitHub/CarND-Behavioral-Cloning-P3/owndata-recovery7/IMG/right_2018_07_09_21_22_27_765.jpg,-0.8342054,0,0,11.33104
/Users/hitesh/Documents/GitHub/CarND-Behavioral-Cloning-P3/owndata-recovery7/IMG/center_2018_07_09_21_22_27_830.jpg,/Users/hitesh/Documents/GitHub/CarND-Behavioral-Cloning-P3/owndata-recovery7/IMG/left_2018_07_09_21_22_27_830.jpg,/Users/hitesh/Documents/GitHub/CarND-Behavioral-Cloning-P3/owndata-recovery7/IMG/right_2018_07_09_21_22_27_830.jpg,-1,0,0,11.23639
/Users/hitesh/Documents/GitHub/CarND-Behavioral-Cloning-P3/owndata-recovery7/IMG/center_2018_07_09_21_22_27_903.jpg,/Users/hitesh/Documents/GitHub/CarND-Behavioral-Cloning-P3/owndata-recovery7/IMG/left_2018_07_09_21_22_27_903.jpg,/Users/hitesh/Documents/GitHub/CarND-Behavioral-Cloning-P3/owndata-recovery7/IMG/right_2018_07_09_21_22_27_903.jpg,-1,0,0,11.0565
/Users/hitesh/Documents/GitHub/CarND-Behavioral-Cloning-P3/owndata-recovery7/IMG/center_2018_07_09_21_22_27_980.jpg,/Users/hitesh/Documents/GitHub/CarND-Behavioral-Cloning-P3/owndata-recovery7/IMG/left_2018_07_09_21_22_27_980.jpg,/Users/hitesh/Documents/GitHub/CarND-Behavioral-Cloning-P3/owndata-recovery7/IMG/right_2018_07_09_21_22_27_980.jpg,-1,0,0,10.9541
/Users/hitesh/Documents/GitHub/CarND-Behavioral-Cloning-P3/owndata-recovery7/IMG/center_2018_07_09_21_22_28_048.jpg,/Users/hitesh/Documents/GitHub/CarND-Behavioral-Cloning-P3/owndata-recovery7/IMG/left_2018_07_09_21_22_28_048.jpg,/Users/hitesh/Documents/GitHub/CarND-Behavioral-Cloning-P3/owndata-recovery7/IMG/right_2018_07_09_21_22_28_048.jpg,-1,0,0,10.83554
/Users/hitesh/Documents/GitHub/CarND-Behavioral-Cloning-P3/owndata-recovery7/IMG/center_2018_07_09_21_22_28_124.jpg,/Users/hitesh/Documents/GitHub/CarND-Behavioral-Cloning-P3/owndata-recovery7/IMG/left_2018_07_09_21_22_28_124.jpg,/Users/hitesh/Documents/GitHub/CarND-Behavioral-Cloning-P3/owndata-recovery7/IMG/right_2018_07_09_21_22_28_124.jpg,-1,0,0,10.72529
/Users/hitesh/Documents/GitHub/CarND-Behavioral-Cloning-P3/owndata-recovery7/IMG/center_2018_07_09_21_22_28_198.jpg,/Users/hitesh/Documents/GitHub/CarND-Behavioral-Cloning-P3/owndata-recovery7/IMG/left_2018_07_09_21_22_28_198.jpg,/Users/hitesh/Documents/GitHub/CarND-Behavioral-Cloning-P3/owndata-recovery7/IMG/right_2018_07_09_21_22_28_198.jpg,-1,0,0,10.6443
/Users/hitesh/Documents/GitHub/CarND-Behavioral-Cloning-P3/owndata-recovery7/IMG/center_2018_07_09_21_22_28_271.jpg,/Users/hitesh/Documents/GitHub/CarND-Behavioral-Cloning-P3/owndata-recovery7/IMG/left_2018_07_09_21_22_28_271.jpg,/Users/hitesh/Documents/GitHub/CarND-Behavioral-Cloning-P3/owndata-recovery7/IMG/right_2018_07_09_21_22_28_271.jpg,-1,0,0,10.53686
/Users/hitesh/Documents/GitHub/CarND-Behavioral-Cloning-P3/owndata-recovery7/IMG/center_2018_07_09_21_22_28_344.jpg,/Users/hitesh/Documents/GitHub/CarND-Behavioral-Cloning-P3/owndata-recovery7/IMG/left_2018_07_09_21_22_28_344.jpg,/Users/hitesh/Documents/GitHub/CarND-Behavioral-Cloning-P3/owndata-recovery7/IMG/right_2018_07_09_21_22_28_344.jpg,-1,0,0,10.4301
/Users/hitesh/Documents/GitHub/CarND-Behavioral-Cloning-P3/owndata-recovery7/IMG/center_2018_07_09_21_22_28_444.jpg,/Users/hitesh/Documents/GitHub/CarND-Behavioral-Cloning-P3/owndata-recovery7/IMG/left_2018_07_09_21_22_28_444.jpg,/Users/hitesh/Documents/GitHub/CarND-Behavioral-Cloning-P3/owndata-recovery7/IMG/right_2018_07_09_21_22_28_444.jpg,0,0,0,9.897011
/Users/hitesh/Documents/GitHub/CarND-Behavioral-Cloning-P3/owndata-recovery7/IMG/center_2018_07_09_21_22_34_399.jpg,/Users/hitesh/Documents/GitHub/CarND-Behavioral-Cloning-P3/owndata-recovery7/IMG/left_2018_07_09_21_22_34_399.jpg,/Users/hitesh/Documents/GitHub/CarND-Behavioral-Cloning-P3/owndata-recovery7/IMG/right_2018_07_09_21_22_34_399.jpg,0,0.4217622,0,9.414358
/Users/hitesh/Documents/GitHub/CarND-Behavioral-Cloning-P3/owndata-recovery7/IMG/center_2018_07_09_21_22_34_475.jpg,/Users/hitesh/Documents/GitHub/CarND-Behavioral-Cloning-P3/owndata-recovery7/IMG/left_2018_07_09_21_22_34_475.jpg,/Users/hitesh/Documents/GitHub/CarND-Behavioral-Cloning-P3/owndata-recovery7/IMG/right_2018_07_09_21_22_34_475.jpg,-0.397811,0.191992,0,9.573648
/Users/hitesh/Documents/GitHub/CarND-Behavioral-Cloning-P3/owndata-recovery7/IMG/center_2018_07_09_21_22_34_552.jpg,/Users/hitesh/Documents/GitHub/CarND-Behavioral-Cloning-P3/owndata-recovery7/IMG/left_2018_07_09_21_22_34_552.jpg,/Users/hitesh/Documents/GitHub/CarND-Behavioral-Cloning-P3/owndata-recovery7/IMG/right_2018_07_09_21_22_34_552.jpg,-0.5035377,0,0,9.491715
/Users/hitesh/Documents/GitHub/CarND-Behavioral-Cloning-P3/owndata-recovery7/IMG/center_2018_07_09_21_22_34_628.jpg,/Users/hitesh/Documents/GitHub/CarND-Behavioral-Cloning-P3/owndata-recovery7/IMG/left_2018_07_09_21_22_34_628.jpg,/Users/hitesh/Documents/GitHub/CarND-Behavioral-Cloning-P3/owndata-recovery7/IMG/right_2018_07_09_21_22_34_628.jpg,-0.5090286,0,0,9.394031
/Users/hitesh/Documents/GitHub/CarND-Behavioral-Cloning-P3/owndata-recovery7/IMG/center_2018_07_09_21_22_34_702.jpg,/Users/hitesh/Documents/GitHub/CarND-Behavioral-Cloning-P3/owndata-recovery7/IMG/left_2018_07_09_21_22_34_702.jpg,/Users/hitesh/Documents/GitHub/CarND-Behavioral-Cloning-P3/owndata-recovery7/IMG/right_2018_07_09_21_22_34_702.jpg,-0.5170622,0,0,9.308391
/Users/hitesh/Documents/GitHub/CarND-Behavioral-Cloning-P3/owndata-recovery7/IMG/center_2018_07_09_21_22_34_777.jpg,/Users/hitesh/Documents/GitHub/CarND-Behavioral-Cloning-P3/owndata-recovery7/IMG/left_2018_07_09_21_22_34_777.jpg,/Users/hitesh/Documents/GitHub/CarND-Behavioral-Cloning-P3/owndata-recovery7/IMG/right_2018_07_09_21_22_34_777.jpg,-0.520342,0,0,9.247625
/Users/hitesh/Documents/GitHub/CarND-Behavioral-Cloning-P3/owndata-recovery7/IMG/center_2018_07_09_21_22_34_853.jpg,/Users/hitesh/Documents/GitHub/CarND-Behavioral-Cloning-P3/owndata-recovery7/IMG/left_2018_07_09_21_22_34_853.jpg,/Users/hitesh/Documents/GitHub/CarND-Behavioral-Cloning-P3/owndata-recovery7/IMG/right_2018_07_09_21_22_34_853.jpg,-0.5302919,0,0,9.167732
/Users/hitesh/Documents/GitHub/CarND-Behavioral-Cloning-P3/owndata-recovery7/IMG/center_2018_07_09_21_22_34_921.jpg,/Users/hitesh/Documents/GitHub/CarND-Behavioral-Cloning-P3/owndata-recovery7/IMG/left_2018_07_09_21_22_34_921.jpg,/Users/hitesh/Documents/GitHub/CarND-Behavioral-Cloning-P3/owndata-recovery7/IMG/right_2018_07_09_21_22_34_921.jpg,-0.5343823,0,0,9.108402
/Users/hitesh/Documents/GitHub/CarND-Behavioral-Cloning-P3/owndata-recovery7/IMG/center_2018_07_09_21_22_34_990.jpg,/Users/hitesh/Documents/GitHub/CarND-Behavioral-Cloning-P3/owndata-recovery7/IMG/left_2018_07_09_21_22_34_990.jpg,/Users/hitesh/Documents/GitHub/CarND-Behavioral-Cloning-P3/owndata-recovery7/IMG/right_2018_07_09_21_22_34_990.jpg,-0.5351563,0,0,9.030726
/Users/hitesh/Documents/GitHub/CarND-Behavioral-Cloning-P3/owndata-recovery7/IMG/center_2018_07_09_21_22_35_061.jpg,/Users/hitesh/Documents/GitHub/CarND-Behavioral-Cloning-P3/owndata-recovery7/IMG/left_2018_07_09_21_22_35_061.jpg,/Users/hitesh/Documents/GitHub/CarND-Behavioral-Cloning-P3/owndata-recovery7/IMG/right_2018_07_09_21_22_35_061.jpg,-0.5359302,0,0,8.972583
/Users/hitesh/Documents/GitHub/CarND-Behavioral-Cloning-P3/owndata-recovery7/IMG/center_2018_07_09_21_22_35_134.jpg,/Users/hitesh/Documents/GitHub/CarND-Behavioral-Cloning-P3/owndata-recovery7/IMG/left_2018_07_09_21_22_35_134.jpg,/Users/hitesh/Documents/GitHub/CarND-Behavioral-Cloning-P3/owndata-recovery7/IMG/right_2018_07_09_21_22_35_134.jpg,-0.536704,0,0,8.895601
/Users/hitesh/Documents/GitHub/CarND-Behavioral-Cloning-P3/owndata-recovery7/IMG/center_2018_07_09_21_22_35_206.jpg,/Users/hitesh/Documents/GitHub/CarND-Behavioral-Cloning-P3/owndata-recovery7/IMG/left_2018_07_09_21_22_35_206.jpg,/Users/hitesh/Documents/GitHub/CarND-Behavioral-Cloning-P3/owndata-recovery7/IMG/right_2018_07_09_21_22_35_206.jpg,-0.5358564,0,0,8.819777
/Users/hitesh/Documents/GitHub/CarND-Behavioral-Cloning-P3/owndata-recovery7/IMG/center_2018_07_09_21_22_35_273.jpg,/Users/hitesh/Documents/GitHub/CarND-Behavioral-Cloning-P3/owndata-recovery7/IMG/left_2018_07_09_21_22_35_273.jpg,/Users/hitesh/Documents/GitHub/CarND-Behavioral-Cloning-P3/owndata-recovery7/IMG/right_2018_07_09_21_22_35_273.jpg,-0.5358564,0,0,8.763556
/Users/hitesh/Documents/GitHub/CarND-Behavioral-Cloning-P3/owndata-recovery7/IMG/center_2018_07_09_21_22_35_343.jpg,/Users/hitesh/Documents/GitHub/CarND-Behavioral-Cloning-P3/owndata-recovery7/IMG/left_2018_07_09_21_22_35_343.jpg,/Users/hitesh/Documents/GitHub/CarND-Behavioral-Cloning-P3/owndata-recovery7/IMG/right_2018_07_09_21_22_35_343.jpg,-0.5374779,0,0,8.689258
/Users/hitesh/Documents/GitHub/CarND-Behavioral-Cloning-P3/owndata-recovery7/IMG/center_2018_07_09_21_22_35_412.jpg,/Users/hitesh/Documents/GitHub/CarND-Behavioral-Cloning-P3/owndata-recovery7/IMG/left_2018_07_09_21_22_35_412.jpg,/Users/hitesh/Documents/GitHub/CarND-Behavioral-Cloning-P3/owndata-recovery7/IMG/right_2018_07_09_21_22_35_412.jpg,-0.5374779,0,0,8.633854
/Users/hitesh/Documents/GitHub/CarND-Behavioral-Cloning-P3/owndata-recovery7/IMG/center_2018_07_09_21_22_35_480.jpg,/Users/hitesh/Documents/GitHub/CarND-Behavioral-Cloning-P3/owndata-recovery7/IMG/left_2018_07_09_21_22_35_480.jpg,/Users/hitesh/Documents/GitHub/CarND-Behavioral-Cloning-P3/owndata-recovery7/IMG/right_2018_07_09_21_22_35_480.jpg,-0.5374779,0,0,8.579292
/Users/hitesh/Documents/GitHub/CarND-Behavioral-Cloning-P3/owndata-recovery7/IMG/center_2018_07_09_21_22_35_557.jpg,/Users/hitesh/Documents/GitHub/CarND-Behavioral-Cloning-P3/owndata-recovery7/IMG/left_2018_07_09_21_22_35_557.jpg,/Users/hitesh/Documents/GitHub/CarND-Behavioral-Cloning-P3/owndata-recovery7/IMG/right_2018_07_09_21_22_35_557.jpg,-0.5374779,0,0,8.507507
/Users/hitesh/Documents/GitHub/CarND-Behavioral-Cloning-P3/owndata-recovery7/IMG/center_2018_07_09_21_22_35_634.jpg,/Users/hitesh/Documents/GitHub/CarND-Behavioral-Cloning-P3/owndata-recovery7/IMG/left_2018_07_09_21_22_35_634.jpg,/Users/hitesh/Documents/GitHub/CarND-Behavioral-Cloning-P3/owndata-recovery7/IMG/right_2018_07_09_21_22_35_634.jpg,-0.5374779,0,0,8.4367
/Users/hitesh/Documents/GitHub/CarND-Behavioral-Cloning-P3/owndata-recovery7/IMG/center_2018_07_09_21_22_35_707.jpg,/Users/hitesh/Documents/GitHub/CarND-Behavioral-Cloning-P3/owndata-recovery7/IMG/left_2018_07_09_21_22_35_707.jpg,/Users/hitesh/Documents/GitHub/CarND-Behavioral-Cloning-P3/owndata-recovery7/IMG/right_2018_07_09_21_22_35_707.jpg,-0.5374779,0,0,8.366597
/Users/hitesh/Documents/GitHub/CarND-Behavioral-Cloning-P3/owndata-recovery7/IMG/center_2018_07_09_21_22_35_779.jpg,/Users/hitesh/Documents/GitHub/CarND-Behavioral-Cloning-P3/owndata-recovery7/IMG/left_2018_07_09_21_22_35_779.jpg,/Users/hitesh/Documents/GitHub/CarND-Behavioral-Cloning-P3/owndata-recovery7/IMG/right_2018_07_09_21_22_35_779.jpg,-0.5374779,0,0,8.314381
/Users/hitesh/Documents/GitHub/CarND-Behavioral-Cloning-P3/owndata-recovery7/IMG/center_2018_07_09_21_22_35_857.jpg,/Users/hitesh/Documents/GitHub/CarND-Behavioral-Cloning-P3/owndata-recovery7/IMG/left_2018_07_09_21_22_35_857.jpg,/Users/hitesh/Documents/GitHub/CarND-Behavioral-Cloning-P3/owndata-recovery7/IMG/right_2018_07_09_21_22_35_857.jpg,-0.5374779,0,0,8.245547
/Users/hitesh/Documents/GitHub/CarND-Behavioral-Cloning-P3/owndata-recovery7/IMG/center_2018_07_09_21_22_35_935.jpg,/Users/hitesh/Documents/GitHub/CarND-Behavioral-Cloning-P3/owndata-recovery7/IMG/left_2018_07_09_21_22_35_935.jpg,/Users/hitesh/Documents/GitHub/CarND-Behavioral-Cloning-P3/owndata-recovery7/IMG/right_2018_07_09_21_22_35_935.jpg,-0.5374779,0,0,8.177609
/Users/hitesh/Documents/GitHub/CarND-Behavioral-Cloning-P3/owndata-recovery7/IMG/center_2018_07_09_21_22_36_012.jpg,/Users/hitesh/Documents/GitHub/CarND-Behavioral-Cloning-P3/owndata-recovery7/IMG/left_2018_07_09_21_22_36_012.jpg,/Users/hitesh/Documents/GitHub/CarND-Behavioral-Cloning-P3/owndata-recovery7/IMG/right_2018_07_09_21_22_36_012.jpg,-0.5374779,0,0,8.110558
/Users/hitesh/Documents/GitHub/CarND-Behavioral-Cloning-P3/owndata-recovery7/IMG/center_2018_07_09_21_22_36_081.jpg,/Users/hitesh/Documents/GitHub/CarND-Behavioral-Cloning-P3/owndata-recovery7/IMG/left_2018_07_09_21_22_36_081.jpg,/Users/hitesh/Documents/GitHub/CarND-Behavioral-Cloning-P3/owndata-recovery7/IMG/right_2018_07_09_21_22_36_081.jpg,-0.5374779,0,0,8.060845
/Users/hitesh/Documents/GitHub/CarND-Behavioral-Cloning-P3/owndata-recovery7/IMG/center_2018_07_09_21_22_36_155.jpg,/Users/hitesh/Documents/GitHub/CarND-Behavioral-Cloning-P3/owndata-recovery7/IMG/left_2018_07_09_21_22_36_155.jpg,/Users/hitesh/Documents/GitHub/CarND-Behavioral-Cloning-P3/owndata-recovery7/IMG/right_2018_07_09_21_22_36_155.jpg,-0.5374779,0,0,7.995322
/Users/hitesh/Documents/GitHub/CarND-Behavioral-Cloning-P3/owndata-recovery7/IMG/center_2018_07_09_21_22_36_223.jpg,/Users/hitesh/Documents/GitHub/CarND-Behavioral-Cloning-P3/owndata-recovery7/IMG/left_2018_07_09_21_22_36_223.jpg,/Users/hitesh/Documents/GitHub/CarND-Behavioral-Cloning-P3/owndata-recovery7/IMG/right_2018_07_09_21_22_36_223.jpg,-0.5374779,0,0,7.930659
/Users/hitesh/Documents/GitHub/CarND-Behavioral-Cloning-P3/owndata-recovery7/IMG/center_2018_07_09_21_22_36_298.jpg,/Users/hitesh/Documents/GitHub/CarND-Behavioral-Cloning-P3/owndata-recovery7/IMG/left_2018_07_09_21_22_36_298.jpg,/Users/hitesh/Documents/GitHub/CarND-Behavioral-Cloning-P3/owndata-recovery7/IMG/right_2018_07_09_21_22_36_298.jpg,-0.5374779,0,0,7.88272
/Users/hitesh/Documents/GitHub/CarND-Behavioral-Cloning-P3/owndata-recovery7/IMG/center_2018_07_09_21_22_36_365.jpg,/Users/hitesh/Documents/GitHub/CarND-Behavioral-Cloning-P3/owndata-recovery7/IMG/left_2018_07_09_21_22_36_365.jpg,/Users/hitesh/Documents/GitHub/CarND-Behavioral-Cloning-P3/owndata-recovery7/IMG/right_2018_07_09_21_22_36_365.jpg,-0.5374779,0,0,7.819229
/Users/hitesh/Documents/GitHub/CarND-Behavioral-Cloning-P3/owndata-recovery7/IMG/center_2018_07_09_21_22_36_438.jpg,/Users/hitesh/Documents/GitHub/CarND-Behavioral-Cloning-P3/owndata-recovery7/IMG/left_2018_07_09_21_22_36_438.jpg,/Users/hitesh/Documents/GitHub/CarND-Behavioral-Cloning-P3/owndata-recovery7/IMG/right_2018_07_09_21_22_36_438.jpg,-0.5374779,0,0,7.771947
/Users/hitesh/Documents/GitHub/CarND-Behavioral-Cloning-P3/owndata-recovery7/IMG/center_2018_07_09_21_22_36_513.jpg,/Users/hitesh/Documents/GitHub/CarND-Behavioral-Cloning-P3/owndata-recovery7/IMG/left_2018_07_09_21_22_36_513.jpg,/Users/hitesh/Documents/GitHub/CarND-Behavioral-Cloning-P3/owndata-recovery7/IMG/right_2018_07_09_21_22_36_513.jpg,-0.5374779,0,0,7.709638
/Users/hitesh/Documents/GitHub/CarND-Behavioral-Cloning-P3/owndata-recovery7/IMG/center_2018_07_09_21_22_36_638.jpg,/Users/hitesh/Documents/GitHub/CarND-Behavioral-Cloning-P3/owndata-recovery7/IMG/left_2018_07_09_21_22_36_638.jpg,/Users/hitesh/Documents/GitHub/CarND-Behavioral-Cloning-P3/owndata-recovery7/IMG/right_2018_07_09_21_22_36_638.jpg,-0.5357459,0,0,6.988779
/Users/hitesh/Documents/GitHub/CarND-Behavioral-Cloning-P3/owndata-recovery7/IMG/center_2018_07_09_21_22_47_060.jpg,/Users/hitesh/Documents/GitHub/CarND-Behavioral-Cloning-P3/owndata-recovery7/IMG/left_2018_07_09_21_22_47_060.jpg,/Users/hitesh/Documents/GitHub/CarND-Behavioral-Cloning-P3/owndata-recovery7/IMG/right_2018_07_09_21_22_47_060.jpg,0,1,0,21.28368
/Users/hitesh/Documents/GitHub/CarND-Behavioral-Cloning-P3/owndata-recovery7/IMG/center_2018_07_09_21_22_47_137.jpg,/Users/hitesh/Documents/GitHub/CarND-Behavioral-Cloning-P3/owndata-recovery7/IMG/left_2018_07_09_21_22_47_137.jpg,/Users/hitesh/Documents/GitHub/CarND-Behavioral-Cloning-P3/owndata-recovery7/IMG/right_2018_07_09_21_22_47_137.jpg,0,1,0,22.07735
/Users/hitesh/Documents/GitHub/CarND-Behavioral-Cloning-P3/owndata-recovery7/IMG/center_2018_07_09_21_22_47_211.jpg,/Users/hitesh/Documents/GitHub/CarND-Behavioral-Cloning-P3/owndata-recovery7/IMG/left_2018_07_09_21_22_47_211.jpg,/Users/hitesh/Documents/GitHub/CarND-Behavioral-Cloning-P3/owndata-recovery7/IMG/right_2018_07_09_21_22_47_211.jpg,-0.416421,1,0,22.82712
/Users/hitesh/Documents/GitHub/CarND-Behavioral-Cloning-P3/owndata-recovery7/IMG/center_2018_07_09_21_22_47_281.jpg,/Users/hitesh/Documents/GitHub/CarND-Behavioral-Cloning-P3/owndata-recovery7/IMG/left_2018_07_09_21_22_47_281.jpg,/Users/hitesh/Documents/GitHub/CarND-Behavioral-Cloning-P3/owndata-recovery7/IMG/right_2018_07_09_21_22_47_281.jpg,-0.6100752,1,0,23.23346
/Users/hitesh/Documents/GitHub/CarND-Behavioral-Cloning-P3/owndata-recovery7/IMG/center_2018_07_09_21_22_47_358.jpg,/Users/hitesh/Documents/GitHub/CarND-Behavioral-Cloning-P3/owndata-recovery7/IMG/left_2018_07_09_21_22_47_358.jpg,/Users/hitesh/Documents/GitHub/CarND-Behavioral-Cloning-P3/owndata-recovery7/IMG/right_2018_07_09_21_22_47_358.jpg,-0.6513488,1,0,23.81927
/Users/hitesh/Documents/GitHub/CarND-Behavioral-Cloning-P3/owndata-recovery7/IMG/center_2018_07_09_21_22_47_430.jpg,/Users/hitesh/Documents/GitHub/CarND-Behavioral-Cloning-P3/owndata-recovery7/IMG/left_2018_07_09_21_22_47_430.jpg,/Users/hitesh/Documents/GitHub/CarND-Behavioral-Cloning-P3/owndata-recovery7/IMG/right_2018_07_09_21_22_47_430.jpg,-0.6784346,1,0,24.46461
/Users/hitesh/Documents/GitHub/CarND-Behavioral-Cloning-P3/owndata-recovery7/IMG/center_2018_07_09_21_22_47_503.jpg,/Users/hitesh/Documents/GitHub/CarND-Behavioral-Cloning-P3/owndata-recovery7/IMG/left_2018_07_09_21_22_47_503.jpg,/Users/hitesh/Documents/GitHub/CarND-Behavioral-Cloning-P3/owndata-recovery7/IMG/right_2018_07_09_21_22_47_503.jpg,-0.6792085,1,0,25.15576
/Users/hitesh/Documents/GitHub/CarND-Behavioral-Cloning-P3/owndata-recovery7/IMG/center_2018_07_09_21_22_47_572.jpg,/Users/hitesh/Documents/GitHub/CarND-Behavioral-Cloning-P3/owndata-recovery7/IMG/left_2018_07_09_21_22_47_572.jpg,/Users/hitesh/Documents/GitHub/CarND-Behavioral-Cloning-P3/owndata-recovery7/IMG/right_2018_07_09_21_22_47_572.jpg,-0.6792085,1,0,25.68714
/Users/hitesh/Documents/GitHub/CarND-Behavioral-Cloning-P3/owndata-recovery7/IMG/center_2018_07_09_21_22_47_647.jpg,/Users/hitesh/Documents/GitHub/CarND-Behavioral-Cloning-P3/owndata-recovery7/IMG/left_2018_07_09_21_22_47_647.jpg,/Users/hitesh/Documents/GitHub/CarND-Behavioral-Cloning-P3/owndata-recovery7/IMG/right_2018_07_09_21_22_47_647.jpg,-0.6766657,1,0,26.40493
/Users/hitesh/Documents/GitHub/CarND-Behavioral-Cloning-P3/owndata-recovery7/IMG/center_2018_07_09_21_22_47_721.jpg,/Users/hitesh/Documents/GitHub/CarND-Behavioral-Cloning-P3/owndata-recovery7/IMG/left_2018_07_09_21_22_47_721.jpg,/Users/hitesh/Documents/GitHub/CarND-Behavioral-Cloning-P3/owndata-recovery7/IMG/right_2018_07_09_21_22_47_721.jpg,-0.6397774,1,0,26.94967
/Users/hitesh/Documents/GitHub/CarND-Behavioral-Cloning-P3/owndata-recovery7/IMG/center_2018_07_09_21_22_47_858.jpg,/Users/hitesh/Documents/GitHub/CarND-Behavioral-Cloning-P3/owndata-recovery7/IMG/left_2018_07_09_21_22_47_858.jpg,/Users/hitesh/Documents/GitHub/CarND-Behavioral-Cloning-P3/owndata-recovery7/IMG/right_2018_07_09_21_22_47_858.jpg,0,1,0,27.51922
